
=== 2026-06-18T09:03:35 7577381671138364724 ===

=== 2026-06-19T13:03:53 7580396616813776162 ===
objc[54810]: Class AVFFrameReceiver is implemented in both /Users/lao_wu/codexAI/知识库/.venv/lib/python3.12/site-packages/av/.dylibs/libavdevice.62.3.101.dylib (0x1057943a8) and /Users/lao_wu/codexAI/知识库/.venv/lib/python3.12/site-packages/cv2/.dylibs/libavdevice.61.3.100.dylib (0x10973c3a8). This may cause spurious casting failures and mysterious crashes. One of the duplicates must be removed or renamed.
objc[54810]: Class AVFAudioReceiver is implemented in both /Users/lao_wu/codexAI/知识库/.venv/lib/python3.12/site-packages/av/.dylibs/libavdevice.62.3.101.dylib (0x1057943f8) and /Users/lao_wu/codexAI/知识库/.venv/lib/python3.12/site-packages/cv2/.dylibs/libavdevice.61.3.100.dylib (0x10973c3f8). This may cause spurious casting failures and mysterious crashes. One of the duplicates must be removed or renamed.
{
  "raw_counts": {
    "douyin_contents": 1140,
    "xhs_contents": 15,
    "douyin_comments": 10280,
    "creators": 3,
    "unknown": 0
  },
  "dedupe_stats": {
    "duplicate_source_id": 111,
    "duplicate_text": 25,
    "unique_records": 1019
  },
  "requested": 1,
  "found": 1,
  "learned": 1,
  "skipped": 0,
  "missing": [],
  "video_analysis_requested": 1,
  "selected_cards_dir": "01_Case_Cleaning/video_learning/selected_deep_cards",
  "manifest": "01_Case_Cleaning/video_learning/state/learning_manifest.json",
  "report": "01_Case_Cleaning/video_learning/latest_selected_deep_learning_report.md"
}

=== 2026-06-19T13:04:08 7576672805584964904 ===
objc[55790]: Class AVFFrameReceiver is implemented in both /Users/lao_wu/codexAI/知识库/.venv/lib/python3.12/site-packages/av/.dylibs/libavdevice.62.3.101.dylib (0x1083a43a8) and /Users/lao_wu/codexAI/知识库/.venv/lib/python3.12/site-packages/cv2/.dylibs/libavdevice.61.3.100.dylib (0x10c47c3a8). This may cause spurious casting failures and mysterious crashes. One of the duplicates must be removed or renamed.
objc[55790]: Class AVFAudioReceiver is implemented in both /Users/lao_wu/codexAI/知识库/.venv/lib/python3.12/site-packages/av/.dylibs/libavdevice.62.3.101.dylib (0x1083a43f8) and /Users/lao_wu/codexAI/知识库/.venv/lib/python3.12/site-packages/cv2/.dylibs/libavdevice.61.3.100.dylib (0x10c47c3f8). This may cause spurious casting failures and mysterious crashes. One of the duplicates must be removed or renamed.
{
  "raw_counts": {
    "douyin_contents": 1140,
    "xhs_contents": 15,
    "douyin_comments": 10280,
    "creators": 3,
    "unknown": 0
  },
  "dedupe_stats": {
    "duplicate_source_id": 111,
    "duplicate_text": 25,
    "unique_records": 1019
  },
  "requested": 1,
  "found": 1,
  "learned": 1,
  "skipped": 0,
  "missing": [],
  "video_analysis_requested": 1,
  "selected_cards_dir": "01_Case_Cleaning/video_learning/selected_deep_cards",
  "manifest": "01_Case_Cleaning/video_learning/state/learning_manifest.json",
  "report": "01_Case_Cleaning/video_learning/latest_selected_deep_learning_report.md"
}

=== 2026-06-19T13:04:23 7625643184860826926 ===
objc[58143]: Class AVFFrameReceiver is implemented in both /Users/lao_wu/codexAI/知识库/.venv/lib/python3.12/site-packages/av/.dylibs/libavdevice.62.3.101.dylib (0x107efc3a8) and /Users/lao_wu/codexAI/知识库/.venv/lib/python3.12/site-packages/cv2/.dylibs/libavdevice.61.3.100.dylib (0x10be843a8). This may cause spurious casting failures and mysterious crashes. One of the duplicates must be removed or renamed.
objc[58143]: Class AVFAudioReceiver is implemented in both /Users/lao_wu/codexAI/知识库/.venv/lib/python3.12/site-packages/av/.dylibs/libavdevice.62.3.101.dylib (0x107efc3f8) and /Users/lao_wu/codexAI/知识库/.venv/lib/python3.12/site-packages/cv2/.dylibs/libavdevice.61.3.100.dylib (0x10be843f8). This may cause spurious casting failures and mysterious crashes. One of the duplicates must be removed or renamed.

=== 2026-06-19T13:12:40 7580396616813776162 ===
objc[68628]: Class AVFFrameReceiver is implemented in both /Users/lao_wu/codexAI/知识库/.venv/lib/python3.12/site-packages/av/.dylibs/libavdevice.62.3.101.dylib (0x107dc03a8) and /Users/lao_wu/codexAI/知识库/.venv/lib/python3.12/site-packages/cv2/.dylibs/libavdevice.61.3.100.dylib (0x10be603a8). This may cause spurious casting failures and mysterious crashes. One of the duplicates must be removed or renamed.
objc[68628]: Class AVFAudioReceiver is implemented in both /Users/lao_wu/codexAI/知识库/.venv/lib/python3.12/site-packages/av/.dylibs/libavdevice.62.3.101.dylib (0x107dc03f8) and /Users/lao_wu/codexAI/知识库/.venv/lib/python3.12/site-packages/cv2/.dylibs/libavdevice.61.3.100.dylib (0x10be603f8). This may cause spurious casting failures and mysterious crashes. One of the duplicates must be removed or renamed.
{
  "raw_counts": {
    "douyin_contents": 1140,
    "xhs_contents": 15,
    "douyin_comments": 10280,
    "creators": 3,
    "unknown": 0
  },
  "dedupe_stats": {
    "duplicate_source_id": 111,
    "duplicate_text": 25,
    "unique_records": 1019
  },
  "requested": 1,
  "found": 1,
  "learned": 1,
  "skipped": 0,
  "missing": [],
  "video_analysis_requested": 1,
  "selected_cards_dir": "01_Case_Cleaning/video_learning/selected_deep_cards",
  "manifest": "01_Case_Cleaning/video_learning/state/learning_manifest.json",
  "report": "01_Case_Cleaning/video_learning/latest_selected_deep_learning_report.md"
}

=== 2026-06-19T13:20:55 7576672805584964904 ===
objc[86414]: Class AVFFrameReceiver is implemented in both /Users/lao_wu/codexAI/知识库/.venv/lib/python3.12/site-packages/av/.dylibs/libavdevice.62.3.101.dylib (0x1057d03a8) and /Users/lao_wu/codexAI/知识库/.venv/lib/python3.12/site-packages/cv2/.dylibs/libavdevice.61.3.100.dylib (0x1098703a8). This may cause spurious casting failures and mysterious crashes. One of the duplicates must be removed or renamed.
objc[86414]: Class AVFAudioReceiver is implemented in both /Users/lao_wu/codexAI/知识库/.venv/lib/python3.12/site-packages/av/.dylibs/libavdevice.62.3.101.dylib (0x1057d03f8) and /Users/lao_wu/codexAI/知识库/.venv/lib/python3.12/site-packages/cv2/.dylibs/libavdevice.61.3.100.dylib (0x1098703f8). This may cause spurious casting failures and mysterious crashes. One of the duplicates must be removed or renamed.
{
  "raw_counts": {
    "douyin_contents": 1140,
    "xhs_contents": 15,
    "douyin_comments": 10280,
    "creators": 3,
    "unknown": 0
  },
  "dedupe_stats": {
    "duplicate_source_id": 111,
    "duplicate_text": 25,
    "unique_records": 1019
  },
  "requested": 1,
  "found": 1,
  "learned": 1,
  "skipped": 0,
  "missing": [],
  "video_analysis_requested": 1,
  "selected_cards_dir": "01_Case_Cleaning/video_learning/selected_deep_cards",
  "manifest": "01_Case_Cleaning/video_learning/state/learning_manifest.json",
  "report": "01_Case_Cleaning/video_learning/latest_selected_deep_learning_report.md"
}

=== 2026-06-19T13:24:41 625643184860826926 ===
{
  "raw_counts": {
    "douyin_contents": 1140,
    "xhs_contents": 15,
    "douyin_comments": 10280,
    "creators": 3,
    "unknown": 0
  },
  "dedupe_stats": {
    "duplicate_source_id": 111,
    "duplicate_text": 25,
    "unique_records": 1019
  },
  "requested": 1,
  "found": 0,
  "learned": 0,
  "skipped": 0,
  "missing": [
    "625643184860826926"
  ],
  "video_analysis_requested": 0,
  "selected_cards_dir": "01_Case_Cleaning/video_learning/selected_deep_cards",
  "manifest": "01_Case_Cleaning/video_learning/state/learning_manifest.json",
  "report": "01_Case_Cleaning/video_learning/latest_selected_deep_learning_report.md"
}

=== 2026-06-19T13:24:56 7637902663966838042 ===
objc[94196]: Class AVFFrameReceiver is implemented in both /Users/lao_wu/codexAI/知识库/.venv/lib/python3.12/site-packages/av/.dylibs/libavdevice.62.3.101.dylib (0x1066b43a8) and /Users/lao_wu/codexAI/知识库/.venv/lib/python3.12/site-packages/cv2/.dylibs/libavdevice.61.3.100.dylib (0x109fa43a8). This may cause spurious casting failures and mysterious crashes. One of the duplicates must be removed or renamed.
objc[94196]: Class AVFAudioReceiver is implemented in both /Users/lao_wu/codexAI/知识库/.venv/lib/python3.12/site-packages/av/.dylibs/libavdevice.62.3.101.dylib (0x1066b43f8) and /Users/lao_wu/codexAI/知识库/.venv/lib/python3.12/site-packages/cv2/.dylibs/libavdevice.61.3.100.dylib (0x109fa43f8). This may cause spurious casting failures and mysterious crashes. One of the duplicates must be removed or renamed.
{
  "raw_counts": {
    "douyin_contents": 1140,
    "xhs_contents": 15,
    "douyin_comments": 10280,
    "creators": 3,
    "unknown": 0
  },
  "dedupe_stats": {
    "duplicate_source_id": 111,
    "duplicate_text": 25,
    "unique_records": 1019
  },
  "requested": 1,
  "found": 1,
  "learned": 1,
  "skipped": 0,
  "missing": [],
  "video_analysis_requested": 1,
  "selected_cards_dir": "01_Case_Cleaning/video_learning/selected_deep_cards",
  "manifest": "01_Case_Cleaning/video_learning/state/learning_manifest.json",
  "report": "01_Case_Cleaning/video_learning/latest_selected_deep_learning_report.md"
}

=== 2026-06-19T13:26:26 7624160450304920847 ===
objc[97115]: Class AVFFrameReceiver is implemented in both /Users/lao_wu/codexAI/知识库/.venv/lib/python3.12/site-packages/av/.dylibs/libavdevice.62.3.101.dylib (0x1080ec3a8) and /Users/lao_wu/codexAI/知识库/.venv/lib/python3.12/site-packages/cv2/.dylibs/libavdevice.61.3.100.dylib (0x10c1783a8). This may cause spurious casting failures and mysterious crashes. One of the duplicates must be removed or renamed.
objc[97115]: Class AVFAudioReceiver is implemented in both /Users/lao_wu/codexAI/知识库/.venv/lib/python3.12/site-packages/av/.dylibs/libavdevice.62.3.101.dylib (0x1080ec3f8) and /Users/lao_wu/codexAI/知识库/.venv/lib/python3.12/site-packages/cv2/.dylibs/libavdevice.61.3.100.dylib (0x10c1783f8). This may cause spurious casting failures and mysterious crashes. One of the duplicates must be removed or renamed.
{
  "raw_counts": {
    "douyin_contents": 1140,
    "xhs_contents": 15,
    "douyin_comments": 10280,
    "creators": 3,
    "unknown": 0
  },
  "dedupe_stats": {
    "duplicate_source_id": 111,
    "duplicate_text": 25,
    "unique_records": 1019
  },
  "requested": 1,
  "found": 1,
  "learned": 1,
  "skipped": 0,
  "missing": [],
  "video_analysis_requested": 1,
  "selected_cards_dir": "01_Case_Cleaning/video_learning/selected_deep_cards",
  "manifest": "01_Case_Cleaning/video_learning/state/learning_manifest.json",
  "report": "01_Case_Cleaning/video_learning/latest_selected_deep_learning_report.md"
}

=== 2026-06-19T13:30:11 7564055243789602067 ===
objc[4886]: Class AVFFrameReceiver is implemented in both /Users/lao_wu/codexAI/知识库/.venv/lib/python3.12/site-packages/av/.dylibs/libavdevice.62.3.101.dylib (0x1078cc3a8) and /Users/lao_wu/codexAI/知识库/.venv/lib/python3.12/site-packages/cv2/.dylibs/libavdevice.61.3.100.dylib (0x10b9583a8). This may cause spurious casting failures and mysterious crashes. One of the duplicates must be removed or renamed.
objc[4886]: Class AVFAudioReceiver is implemented in both /Users/lao_wu/codexAI/知识库/.venv/lib/python3.12/site-packages/av/.dylibs/libavdevice.62.3.101.dylib (0x1078cc3f8) and /Users/lao_wu/codexAI/知识库/.venv/lib/python3.12/site-packages/cv2/.dylibs/libavdevice.61.3.100.dylib (0x10b9583f8). This may cause spurious casting failures and mysterious crashes. One of the duplicates must be removed or renamed.
{
  "raw_counts": {
    "douyin_contents": 1140,
    "xhs_contents": 15,
    "douyin_comments": 10280,
    "creators": 3,
    "unknown": 0
  },
  "dedupe_stats": {
    "duplicate_source_id": 111,
    "duplicate_text": 25,
    "unique_records": 1019
  },
  "requested": 1,
  "found": 1,
  "learned": 1,
  "skipped": 0,
  "missing": [],
  "video_analysis_requested": 1,
  "selected_cards_dir": "01_Case_Cleaning/video_learning/selected_deep_cards",
  "manifest": "01_Case_Cleaning/video_learning/state/learning_manifest.json",
  "report": "01_Case_Cleaning/video_learning/latest_selected_deep_learning_report.md"
}

=== 2026-06-19T13:33:57 626760447793843491 ===
{
  "raw_counts": {
    "douyin_contents": 1140,
    "xhs_contents": 15,
    "douyin_comments": 10280,
    "creators": 3,
    "unknown": 0
  },
  "dedupe_stats": {
    "duplicate_source_id": 111,
    "duplicate_text": 25,
    "unique_records": 1019
  },
  "requested": 1,
  "found": 0,
  "learned": 0,
  "skipped": 0,
  "missing": [
    "626760447793843491"
  ],
  "video_analysis_requested": 0,
  "selected_cards_dir": "01_Case_Cleaning/video_learning/selected_deep_cards",
  "manifest": "01_Case_Cleaning/video_learning/state/learning_manifest.json",
  "report": "01_Case_Cleaning/video_learning/latest_selected_deep_learning_report.md"
}

=== 2026-06-19T13:34:12 7544754191315504410 ===
objc[12696]: Class AVFFrameReceiver is implemented in both /Users/lao_wu/codexAI/知识库/.venv/lib/python3.12/site-packages/av/.dylibs/libavdevice.62.3.101.dylib (0x108b783a8) and /Users/lao_wu/codexAI/知识库/.venv/lib/python3.12/site-packages/cv2/.dylibs/libavdevice.61.3.100.dylib (0x10c7483a8). This may cause spurious casting failures and mysterious crashes. One of the duplicates must be removed or renamed.
objc[12696]: Class AVFAudioReceiver is implemented in both /Users/lao_wu/codexAI/知识库/.venv/lib/python3.12/site-packages/av/.dylibs/libavdevice.62.3.101.dylib (0x108b783f8) and /Users/lao_wu/codexAI/知识库/.venv/lib/python3.12/site-packages/cv2/.dylibs/libavdevice.61.3.100.dylib (0x10c7483f8). This may cause spurious casting failures and mysterious crashes. One of the duplicates must be removed or renamed.
{
  "raw_counts": {
    "douyin_contents": 1140,
    "xhs_contents": 15,
    "douyin_comments": 10280,
    "creators": 3,
    "unknown": 0
  },
  "dedupe_stats": {
    "duplicate_source_id": 111,
    "duplicate_text": 25,
    "unique_records": 1019
  },
  "requested": 1,
  "found": 1,
  "learned": 1,
  "skipped": 0,
  "missing": [],
  "video_analysis_requested": 1,
  "selected_cards_dir": "01_Case_Cleaning/video_learning/selected_deep_cards",
  "manifest": "01_Case_Cleaning/video_learning/state/learning_manifest.json",
  "report": "01_Case_Cleaning/video_learning/latest_selected_deep_learning_report.md"
}

=== 2026-06-19T13:37:27 539558531461942569 ===
{
  "raw_counts": {
    "douyin_contents": 1140,
    "xhs_contents": 15,
    "douyin_comments": 10280,
    "creators": 3,
    "unknown": 0
  },
  "dedupe_stats": {
    "duplicate_source_id": 111,
    "duplicate_text": 25,
    "unique_records": 1019
  },
  "requested": 1,
  "found": 0,
  "learned": 0,
  "skipped": 0,
  "missing": [
    "539558531461942569"
  ],
  "video_analysis_requested": 0,
  "selected_cards_dir": "01_Case_Cleaning/video_learning/selected_deep_cards",
  "manifest": "01_Case_Cleaning/video_learning/state/learning_manifest.json",
  "report": "01_Case_Cleaning/video_learning/latest_selected_deep_learning_report.md"
}

=== 2026-06-19T13:37:42 7573700909629263156 ===
objc[19579]: Class AVFFrameReceiver is implemented in both /Users/lao_wu/codexAI/知识库/.venv/lib/python3.12/site-packages/av/.dylibs/libavdevice.62.3.101.dylib (0x105e503a8) and /Users/lao_wu/codexAI/知识库/.venv/lib/python3.12/site-packages/cv2/.dylibs/libavdevice.61.3.100.dylib (0x109ec83a8). This may cause spurious casting failures and mysterious crashes. One of the duplicates must be removed or renamed.
objc[19579]: Class AVFAudioReceiver is implemented in both /Users/lao_wu/codexAI/知识库/.venv/lib/python3.12/site-packages/av/.dylibs/libavdevice.62.3.101.dylib (0x105e503f8) and /Users/lao_wu/codexAI/知识库/.venv/lib/python3.12/site-packages/cv2/.dylibs/libavdevice.61.3.100.dylib (0x109ec83f8). This may cause spurious casting failures and mysterious crashes. One of the duplicates must be removed or renamed.
{
  "raw_counts": {
    "douyin_contents": 1140,
    "xhs_contents": 15,
    "douyin_comments": 10280,
    "creators": 3,
    "unknown": 0
  },
  "dedupe_stats": {
    "duplicate_source_id": 111,
    "duplicate_text": 25,
    "unique_records": 1019
  },
  "requested": 1,
  "found": 1,
  "learned": 1,
  "skipped": 0,
  "missing": [],
  "video_analysis_requested": 1,
  "selected_cards_dir": "01_Case_Cleaning/video_learning/selected_deep_cards",
  "manifest": "01_Case_Cleaning/video_learning/state/learning_manifest.json",
  "report": "01_Case_Cleaning/video_learning/latest_selected_deep_learning_report.md"
}

=== 2026-06-19T13:45:28 7591878323370741046 ===
objc[34486]: Class AVFFrameReceiver is implemented in both /Users/lao_wu/codexAI/知识库/.venv/lib/python3.12/site-packages/av/.dylibs/libavdevice.62.3.101.dylib (0x10a65c3a8) and /Users/lao_wu/codexAI/知识库/.venv/lib/python3.12/site-packages/cv2/.dylibs/libavdevice.61.3.100.dylib (0x10e6d83a8). This may cause spurious casting failures and mysterious crashes. One of the duplicates must be removed or renamed.
objc[34486]: Class AVFAudioReceiver is implemented in both /Users/lao_wu/codexAI/知识库/.venv/lib/python3.12/site-packages/av/.dylibs/libavdevice.62.3.101.dylib (0x10a65c3f8) and /Users/lao_wu/codexAI/知识库/.venv/lib/python3.12/site-packages/cv2/.dylibs/libavdevice.61.3.100.dylib (0x10e6d83f8). This may cause spurious casting failures and mysterious crashes. One of the duplicates must be removed or renamed.
{
  "raw_counts": {
    "douyin_contents": 1140,
    "xhs_contents": 15,
    "douyin_comments": 10280,
    "creators": 3,
    "unknown": 0
  },
  "dedupe_stats": {
    "duplicate_source_id": 111,
    "duplicate_text": 25,
    "unique_records": 1019
  },
  "requested": 1,
  "found": 1,
  "learned": 1,
  "skipped": 0,
  "missing": [],
  "video_analysis_requested": 1,
  "selected_cards_dir": "01_Case_Cleaning/video_learning/selected_deep_cards",
  "manifest": "01_Case_Cleaning/video_learning/state/learning_manifest.json",
  "report": "01_Case_Cleaning/video_learning/latest_selected_deep_learning_report.md"
}

=== 2026-06-19T13:49:13 176998179462728994 ===
{
  "raw_counts": {
    "douyin_contents": 1140,
    "xhs_contents": 15,
    "douyin_comments": 10280,
    "creators": 3,
    "unknown": 0
  },
  "dedupe_stats": {
    "duplicate_source_id": 111,
    "duplicate_text": 25,
    "unique_records": 1019
  },
  "requested": 1,
  "found": 0,
  "learned": 0,
  "skipped": 0,
  "missing": [
    "176998179462728994"
  ],
  "video_analysis_requested": 0,
  "selected_cards_dir": "01_Case_Cleaning/video_learning/selected_deep_cards",
  "manifest": "01_Case_Cleaning/video_learning/state/learning_manifest.json",
  "report": "01_Case_Cleaning/video_learning/latest_selected_deep_learning_report.md"
}

=== 2026-06-19T13:49:28 7611180315444268351 ===
objc[42278]: Class AVFFrameReceiver is implemented in both /Users/lao_wu/codexAI/知识库/.venv/lib/python3.12/site-packages/av/.dylibs/libavdevice.62.3.101.dylib (0x1080683a8) and /Users/lao_wu/codexAI/知识库/.venv/lib/python3.12/site-packages/cv2/.dylibs/libavdevice.61.3.100.dylib (0x10c0f03a8). This may cause spurious casting failures and mysterious crashes. One of the duplicates must be removed or renamed.
objc[42278]: Class AVFAudioReceiver is implemented in both /Users/lao_wu/codexAI/知识库/.venv/lib/python3.12/site-packages/av/.dylibs/libavdevice.62.3.101.dylib (0x1080683f8) and /Users/lao_wu/codexAI/知识库/.venv/lib/python3.12/site-packages/cv2/.dylibs/libavdevice.61.3.100.dylib (0x10c0f03f8). This may cause spurious casting failures and mysterious crashes. One of the duplicates must be removed or renamed.
{
  "raw_counts": {
    "douyin_contents": 1140,
    "xhs_contents": 15,
    "douyin_comments": 10280,
    "creators": 3,
    "unknown": 0
  },
  "dedupe_stats": {
    "duplicate_source_id": 111,
    "duplicate_text": 25,
    "unique_records": 1019
  },
  "requested": 1,
  "found": 1,
  "learned": 1,
  "skipped": 0,
  "missing": [],
  "video_analysis_requested": 1,
  "selected_cards_dir": "01_Case_Cleaning/video_learning/selected_deep_cards",
  "manifest": "01_Case_Cleaning/video_learning/state/learning_manifest.json",
  "report": "01_Case_Cleaning/video_learning/latest_selected_deep_learning_report.md"
}

=== 2026-06-19T13:51:58 623432595895749926 ===
{
  "raw_counts": {
    "douyin_contents": 1140,
    "xhs_contents": 15,
    "douyin_comments": 10280,
    "creators": 3,
    "unknown": 0
  },
  "dedupe_stats": {
    "duplicate_source_id": 111,
    "duplicate_text": 25,
    "unique_records": 1019
  },
  "requested": 1,
  "found": 0,
  "learned": 0,
  "skipped": 0,
  "missing": [
    "623432595895749926"
  ],
  "video_analysis_requested": 0,
  "selected_cards_dir": "01_Case_Cleaning/video_learning/selected_deep_cards",
  "manifest": "01_Case_Cleaning/video_learning/state/learning_manifest.json",
  "report": "01_Case_Cleaning/video_learning/latest_selected_deep_learning_report.md"
}

=== 2026-06-19T13:52:14 7578515738357402914 ===
objc[47678]: Class AVFFrameReceiver is implemented in both /Users/lao_wu/codexAI/知识库/.venv/lib/python3.12/site-packages/av/.dylibs/libavdevice.62.3.101.dylib (0x10a4183a8) and /Users/lao_wu/codexAI/知识库/.venv/lib/python3.12/site-packages/cv2/.dylibs/libavdevice.61.3.100.dylib (0x10e4703a8). This may cause spurious casting failures and mysterious crashes. One of the duplicates must be removed or renamed.
objc[47678]: Class AVFAudioReceiver is implemented in both /Users/lao_wu/codexAI/知识库/.venv/lib/python3.12/site-packages/av/.dylibs/libavdevice.62.3.101.dylib (0x10a4183f8) and /Users/lao_wu/codexAI/知识库/.venv/lib/python3.12/site-packages/cv2/.dylibs/libavdevice.61.3.100.dylib (0x10e4703f8). This may cause spurious casting failures and mysterious crashes. One of the duplicates must be removed or renamed.
{
  "raw_counts": {
    "douyin_contents": 1140,
    "xhs_contents": 15,
    "douyin_comments": 10280,
    "creators": 3,
    "unknown": 0
  },
  "dedupe_stats": {
    "duplicate_source_id": 111,
    "duplicate_text": 25,
    "unique_records": 1019
  },
  "requested": 1,
  "found": 1,
  "learned": 1,
  "skipped": 0,
  "missing": [],
  "video_analysis_requested": 1,
  "selected_cards_dir": "01_Case_Cleaning/video_learning/selected_deep_cards",
  "manifest": "01_Case_Cleaning/video_learning/state/learning_manifest.json",
  "report": "01_Case_Cleaning/video_learning/latest_selected_deep_learning_report.md"
}

=== 2026-06-19T13:55:29 7540648379617987891 ===
objc[54048]: Class AVFFrameReceiver is implemented in both /Users/lao_wu/codexAI/知识库/.venv/lib/python3.12/site-packages/av/.dylibs/libavdevice.62.3.101.dylib (0x10aeb03a8) and /Users/lao_wu/codexAI/知识库/.venv/lib/python3.12/site-packages/cv2/.dylibs/libavdevice.61.3.100.dylib (0x10e7983a8). This may cause spurious casting failures and mysterious crashes. One of the duplicates must be removed or renamed.
objc[54048]: Class AVFAudioReceiver is implemented in both /Users/lao_wu/codexAI/知识库/.venv/lib/python3.12/site-packages/av/.dylibs/libavdevice.62.3.101.dylib (0x10aeb03f8) and /Users/lao_wu/codexAI/知识库/.venv/lib/python3.12/site-packages/cv2/.dylibs/libavdevice.61.3.100.dylib (0x10e7983f8). This may cause spurious casting failures and mysterious crashes. One of the duplicates must be removed or renamed.
{
  "raw_counts": {
    "douyin_contents": 1140,
    "xhs_contents": 15,
    "douyin_comments": 10280,
    "creators": 3,
    "unknown": 0
  },
  "dedupe_stats": {
    "duplicate_source_id": 111,
    "duplicate_text": 25,
    "unique_records": 1019
  },
  "requested": 1,
  "found": 1,
  "learned": 1,
  "skipped": 0,
  "missing": [],
  "video_analysis_requested": 1,
  "selected_cards_dir": "01_Case_Cleaning/video_learning/selected_deep_cards",
  "manifest": "01_Case_Cleaning/video_learning/state/learning_manifest.json",
  "report": "01_Case_Cleaning/video_learning/latest_selected_deep_learning_report.md"
}

=== 2026-06-19T13:58:59 163502772296486159 ===
{
  "raw_counts": {
    "douyin_contents": 1140,
    "xhs_contents": 15,
    "douyin_comments": 10280,
    "creators": 3,
    "unknown": 0
  },
  "dedupe_stats": {
    "duplicate_source_id": 111,
    "duplicate_text": 25,
    "unique_records": 1019
  },
  "requested": 1,
  "found": 0,
  "learned": 0,
  "skipped": 0,
  "missing": [
    "163502772296486159"
  ],
  "video_analysis_requested": 0,
  "selected_cards_dir": "01_Case_Cleaning/video_learning/selected_deep_cards",
  "manifest": "01_Case_Cleaning/video_learning/state/learning_manifest.json",
  "report": "01_Case_Cleaning/video_learning/latest_selected_deep_learning_report.md"
}

=== 2026-06-19T13:59:14 7575936937542962432 ===
objc[61344]: Class AVFFrameReceiver is implemented in both /Users/lao_wu/codexAI/知识库/.venv/lib/python3.12/site-packages/av/.dylibs/libavdevice.62.3.101.dylib (0x1085203a8) and /Users/lao_wu/codexAI/知识库/.venv/lib/python3.12/site-packages/cv2/.dylibs/libavdevice.61.3.100.dylib (0x10c4bc3a8). This may cause spurious casting failures and mysterious crashes. One of the duplicates must be removed or renamed.
objc[61344]: Class AVFAudioReceiver is implemented in both /Users/lao_wu/codexAI/知识库/.venv/lib/python3.12/site-packages/av/.dylibs/libavdevice.62.3.101.dylib (0x1085203f8) and /Users/lao_wu/codexAI/知识库/.venv/lib/python3.12/site-packages/cv2/.dylibs/libavdevice.61.3.100.dylib (0x10c4bc3f8). This may cause spurious casting failures and mysterious crashes. One of the duplicates must be removed or renamed.
{
  "raw_counts": {
    "douyin_contents": 1140,
    "xhs_contents": 15,
    "douyin_comments": 10280,
    "creators": 3,
    "unknown": 0
  },
  "dedupe_stats": {
    "duplicate_source_id": 111,
    "duplicate_text": 25,
    "unique_records": 1019
  },
  "requested": 1,
  "found": 1,
  "learned": 1,
  "skipped": 0,
  "missing": [],
  "video_analysis_requested": 1,
  "selected_cards_dir": "01_Case_Cleaning/video_learning/selected_deep_cards",
  "manifest": "01_Case_Cleaning/video_learning/state/learning_manifest.json",
  "report": "01_Case_Cleaning/video_learning/latest_selected_deep_learning_report.md"
}

=== 2026-06-19T14:07:30 7620840179279858995 ===
objc[77126]: Class AVFFrameReceiver is implemented in both /Users/lao_wu/codexAI/知识库/.venv/lib/python3.12/site-packages/av/.dylibs/libavdevice.62.3.101.dylib (0x1066c83a8) and /Users/lao_wu/codexAI/知识库/.venv/lib/python3.12/site-packages/cv2/.dylibs/libavdevice.61.3.100.dylib (0x10a7383a8). This may cause spurious casting failures and mysterious crashes. One of the duplicates must be removed or renamed.
objc[77126]: Class AVFAudioReceiver is implemented in both /Users/lao_wu/codexAI/知识库/.venv/lib/python3.12/site-packages/av/.dylibs/libavdevice.62.3.101.dylib (0x1066c83f8) and /Users/lao_wu/codexAI/知识库/.venv/lib/python3.12/site-packages/cv2/.dylibs/libavdevice.61.3.100.dylib (0x10a7383f8). This may cause spurious casting failures and mysterious crashes. One of the duplicates must be removed or renamed.
{
  "raw_counts": {
    "douyin_contents": 1140,
    "xhs_contents": 15,
    "douyin_comments": 10280,
    "creators": 3,
    "unknown": 0
  },
  "dedupe_stats": {
    "duplicate_source_id": 111,
    "duplicate_text": 25,
    "unique_records": 1019
  },
  "requested": 1,
  "found": 1,
  "learned": 1,
  "skipped": 0,
  "missing": [],
  "video_analysis_requested": 1,
  "selected_cards_dir": "01_Case_Cleaning/video_learning/selected_deep_cards",
  "manifest": "01_Case_Cleaning/video_learning/state/learning_manifest.json",
  "report": "01_Case_Cleaning/video_learning/latest_selected_deep_learning_report.md"
}

=== 2026-06-19T14:10:15 7620096888573873417 ===
objc[82473]: Class AVFFrameReceiver is implemented in both /Users/lao_wu/codexAI/知识库/.venv/lib/python3.12/site-packages/av/.dylibs/libavdevice.62.3.101.dylib (0x107eac3a8) and /Users/lao_wu/codexAI/知识库/.venv/lib/python3.12/site-packages/cv2/.dylibs/libavdevice.61.3.100.dylib (0x10bef43a8). This may cause spurious casting failures and mysterious crashes. One of the duplicates must be removed or renamed.
objc[82473]: Class AVFAudioReceiver is implemented in both /Users/lao_wu/codexAI/知识库/.venv/lib/python3.12/site-packages/av/.dylibs/libavdevice.62.3.101.dylib (0x107eac3f8) and /Users/lao_wu/codexAI/知识库/.venv/lib/python3.12/site-packages/cv2/.dylibs/libavdevice.61.3.100.dylib (0x10bef43f8). This may cause spurious casting failures and mysterious crashes. One of the duplicates must be removed or renamed.
{
  "raw_counts": {
    "douyin_contents": 1140,
    "xhs_contents": 15,
    "douyin_comments": 10280,
    "creators": 3,
    "unknown": 0
  },
  "dedupe_stats": {
    "duplicate_source_id": 111,
    "duplicate_text": 25,
    "unique_records": 1019
  },
  "requested": 1,
  "found": 1,
  "learned": 1,
  "skipped": 0,
  "missing": [],
  "video_analysis_requested": 1,
  "selected_cards_dir": "01_Case_Cleaning/video_learning/selected_deep_cards",
  "manifest": "01_Case_Cleaning/video_learning/state/learning_manifest.json",
  "report": "01_Case_Cleaning/video_learning/latest_selected_deep_learning_report.md"
}

=== 2026-06-19T14:14:01 586645512623901978 ===
{
  "raw_counts": {
    "douyin_contents": 1140,
    "xhs_contents": 15,
    "douyin_comments": 10280,
    "creators": 3,
    "unknown": 0
  },
  "dedupe_stats": {
    "duplicate_source_id": 111,
    "duplicate_text": 25,
    "unique_records": 1019
  },
  "requested": 1,
  "found": 0,
  "learned": 0,
  "skipped": 0,
  "missing": [
    "586645512623901978"
  ],
  "video_analysis_requested": 0,
  "selected_cards_dir": "01_Case_Cleaning/video_learning/selected_deep_cards",
  "manifest": "01_Case_Cleaning/video_learning/state/learning_manifest.json",
  "report": "01_Case_Cleaning/video_learning/latest_selected_deep_learning_report.md"
}

=== 2026-06-19T14:14:16 7523959225278647590 ===
objc[90190]: Class AVFFrameReceiver is implemented in both /Users/lao_wu/codexAI/知识库/.venv/lib/python3.12/site-packages/av/.dylibs/libavdevice.62.3.101.dylib (0x107e643a8) and /Users/lao_wu/codexAI/知识库/.venv/lib/python3.12/site-packages/cv2/.dylibs/libavdevice.61.3.100.dylib (0x10be003a8). This may cause spurious casting failures and mysterious crashes. One of the duplicates must be removed or renamed.
objc[90190]: Class AVFAudioReceiver is implemented in both /Users/lao_wu/codexAI/知识库/.venv/lib/python3.12/site-packages/av/.dylibs/libavdevice.62.3.101.dylib (0x107e643f8) and /Users/lao_wu/codexAI/知识库/.venv/lib/python3.12/site-packages/cv2/.dylibs/libavdevice.61.3.100.dylib (0x10be003f8). This may cause spurious casting failures and mysterious crashes. One of the duplicates must be removed or renamed.
{
  "raw_counts": {
    "douyin_contents": 1140,
    "xhs_contents": 15,
    "douyin_comments": 10280,
    "creators": 3,
    "unknown": 0
  },
  "dedupe_stats": {
    "duplicate_source_id": 111,
    "duplicate_text": 25,
    "unique_records": 1019
  },
  "requested": 1,
  "found": 1,
  "learned": 1,
  "skipped": 0,
  "missing": [],
  "video_analysis_requested": 1,
  "selected_cards_dir": "01_Case_Cleaning/video_learning/selected_deep_cards",
  "manifest": "01_Case_Cleaning/video_learning/state/learning_manifest.json",
  "report": "01_Case_Cleaning/video_learning/latest_selected_deep_learning_report.md"
}

=== 2026-06-19T14:20:01 7448232482178174258 ===
objc[1640]: Class AVFFrameReceiver is implemented in both /Users/lao_wu/codexAI/知识库/.venv/lib/python3.12/site-packages/av/.dylibs/libavdevice.62.3.101.dylib (0x106c483a8) and /Users/lao_wu/codexAI/知识库/.venv/lib/python3.12/site-packages/cv2/.dylibs/libavdevice.61.3.100.dylib (0x10a5303a8). This may cause spurious casting failures and mysterious crashes. One of the duplicates must be removed or renamed.
objc[1640]: Class AVFAudioReceiver is implemented in both /Users/lao_wu/codexAI/知识库/.venv/lib/python3.12/site-packages/av/.dylibs/libavdevice.62.3.101.dylib (0x106c483f8) and /Users/lao_wu/codexAI/知识库/.venv/lib/python3.12/site-packages/cv2/.dylibs/libavdevice.61.3.100.dylib (0x10a5303f8). This may cause spurious casting failures and mysterious crashes. One of the duplicates must be removed or renamed.
{
  "raw_counts": {
    "douyin_contents": 1140,
    "xhs_contents": 15,
    "douyin_comments": 10280,
    "creators": 3,
    "unknown": 0
  },
  "dedupe_stats": {
    "duplicate_source_id": 111,
    "duplicate_text": 25,
    "unique_records": 1019
  },
  "requested": 1,
  "found": 1,
  "learned": 1,
  "skipped": 0,
  "missing": [],
  "video_analysis_requested": 1,
  "selected_cards_dir": "01_Case_Cleaning/video_learning/selected_deep_cards",
  "manifest": "01_Case_Cleaning/video_learning/state/learning_manifest.json",
  "report": "01_Case_Cleaning/video_learning/latest_selected_deep_learning_report.md"
}

=== 2026-06-19T14:28:47 618589475425275145 ===
{
  "raw_counts": {
    "douyin_contents": 1140,
    "xhs_contents": 15,
    "douyin_comments": 10280,
    "creators": 3,
    "unknown": 0
  },
  "dedupe_stats": {
    "duplicate_source_id": 111,
    "duplicate_text": 25,
    "unique_records": 1019
  },
  "requested": 1,
  "found": 0,
  "learned": 0,
  "skipped": 0,
  "missing": [
    "618589475425275145"
  ],
  "video_analysis_requested": 0,
  "selected_cards_dir": "01_Case_Cleaning/video_learning/selected_deep_cards",
  "manifest": "01_Case_Cleaning/video_learning/state/learning_manifest.json",
  "report": "01_Case_Cleaning/video_learning/latest_selected_deep_learning_report.md"
}

=== 2026-06-19T14:29:02 7560682007363308842 ===
objc[19037]: Class AVFFrameReceiver is implemented in both /Users/lao_wu/codexAI/知识库/.venv/lib/python3.12/site-packages/av/.dylibs/libavdevice.62.3.101.dylib (0x1084083a8) and /Users/lao_wu/codexAI/知识库/.venv/lib/python3.12/site-packages/cv2/.dylibs/libavdevice.61.3.100.dylib (0x10c4603a8). This may cause spurious casting failures and mysterious crashes. One of the duplicates must be removed or renamed.
objc[19037]: Class AVFAudioReceiver is implemented in both /Users/lao_wu/codexAI/知识库/.venv/lib/python3.12/site-packages/av/.dylibs/libavdevice.62.3.101.dylib (0x1084083f8) and /Users/lao_wu/codexAI/知识库/.venv/lib/python3.12/site-packages/cv2/.dylibs/libavdevice.61.3.100.dylib (0x10c4603f8). This may cause spurious casting failures and mysterious crashes. One of the duplicates must be removed or renamed.
{
  "raw_counts": {
    "douyin_contents": 1140,
    "xhs_contents": 15,
    "douyin_comments": 10280,
    "creators": 3,
    "unknown": 0
  },
  "dedupe_stats": {
    "duplicate_source_id": 111,
    "duplicate_text": 25,
    "unique_records": 1019
  },
  "requested": 1,
  "found": 1,
  "learned": 1,
  "skipped": 0,
  "missing": [],
  "video_analysis_requested": 1,
  "selected_cards_dir": "01_Case_Cleaning/video_learning/selected_deep_cards",
  "manifest": "01_Case_Cleaning/video_learning/state/learning_manifest.json",
  "report": "01_Case_Cleaning/video_learning/latest_selected_deep_learning_report.md"
}

=== 2026-06-19T14:32:32 411532856205266195 ===
{
  "raw_counts": {
    "douyin_contents": 1140,
    "xhs_contents": 15,
    "douyin_comments": 10280,
    "creators": 3,
    "unknown": 0
  },
  "dedupe_stats": {
    "duplicate_source_id": 111,
    "duplicate_text": 25,
    "unique_records": 1019
  },
  "requested": 1,
  "found": 0,
  "learned": 0,
  "skipped": 0,
  "missing": [
    "411532856205266195"
  ],
  "video_analysis_requested": 0,
  "selected_cards_dir": "01_Case_Cleaning/video_learning/selected_deep_cards",
  "manifest": "01_Case_Cleaning/video_learning/state/learning_manifest.json",
  "report": "01_Case_Cleaning/video_learning/latest_selected_deep_learning_report.md"
}

=== 2026-06-19T14:32:47 7461266943811620133 ===
objc[26308]: Class AVFFrameReceiver is implemented in both /Users/lao_wu/codexAI/知识库/.venv/lib/python3.12/site-packages/av/.dylibs/libavdevice.62.3.101.dylib (0x109ca43a8) and /Users/lao_wu/codexAI/知识库/.venv/lib/python3.12/site-packages/cv2/.dylibs/libavdevice.61.3.100.dylib (0x10dc403a8). This may cause spurious casting failures and mysterious crashes. One of the duplicates must be removed or renamed.
objc[26308]: Class AVFAudioReceiver is implemented in both /Users/lao_wu/codexAI/知识库/.venv/lib/python3.12/site-packages/av/.dylibs/libavdevice.62.3.101.dylib (0x109ca43f8) and /Users/lao_wu/codexAI/知识库/.venv/lib/python3.12/site-packages/cv2/.dylibs/libavdevice.61.3.100.dylib (0x10dc403f8). This may cause spurious casting failures and mysterious crashes. One of the duplicates must be removed or renamed.
{
  "raw_counts": {
    "douyin_contents": 1140,
    "xhs_contents": 15,
    "douyin_comments": 10280,
    "creators": 3,
    "unknown": 0
  },
  "dedupe_stats": {
    "duplicate_source_id": 111,
    "duplicate_text": 25,
    "unique_records": 1019
  },
  "requested": 1,
  "found": 1,
  "learned": 1,
  "skipped": 0,
  "missing": [],
  "video_analysis_requested": 1,
  "selected_cards_dir": "01_Case_Cleaning/video_learning/selected_deep_cards",
  "manifest": "01_Case_Cleaning/video_learning/state/learning_manifest.json",
  "report": "01_Case_Cleaning/video_learning/latest_selected_deep_learning_report.md"
}

=== 2026-06-19T14:39:03 7616745251776122138 ===
objc[38325]: Class AVFFrameReceiver is implemented in both /Users/lao_wu/codexAI/知识库/.venv/lib/python3.12/site-packages/av/.dylibs/libavdevice.62.3.101.dylib (0x107b683a8) and /Users/lao_wu/codexAI/知识库/.venv/lib/python3.12/site-packages/cv2/.dylibs/libavdevice.61.3.100.dylib (0x10bbf43a8). This may cause spurious casting failures and mysterious crashes. One of the duplicates must be removed or renamed.
objc[38325]: Class AVFAudioReceiver is implemented in both /Users/lao_wu/codexAI/知识库/.venv/lib/python3.12/site-packages/av/.dylibs/libavdevice.62.3.101.dylib (0x107b683f8) and /Users/lao_wu/codexAI/知识库/.venv/lib/python3.12/site-packages/cv2/.dylibs/libavdevice.61.3.100.dylib (0x10bbf43f8). This may cause spurious casting failures and mysterious crashes. One of the duplicates must be removed or renamed.
{
  "raw_counts": {
    "douyin_contents": 1140,
    "xhs_contents": 15,
    "douyin_comments": 10280,
    "creators": 3,
    "unknown": 0
  },
  "dedupe_stats": {
    "duplicate_source_id": 111,
    "duplicate_text": 25,
    "unique_records": 1019
  },
  "requested": 1,
  "found": 1,
  "learned": 1,
  "skipped": 0,
  "missing": [],
  "video_analysis_requested": 1,
  "selected_cards_dir": "01_Case_Cleaning/video_learning/selected_deep_cards",
  "manifest": "01_Case_Cleaning/video_learning/state/learning_manifest.json",
  "report": "01_Case_Cleaning/video_learning/latest_selected_deep_learning_report.md"
}

=== 2026-06-19T14:43:49 523594090828041526 ===
{
  "raw_counts": {
    "douyin_contents": 1140,
    "xhs_contents": 15,
    "douyin_comments": 10280,
    "creators": 3,
    "unknown": 0
  },
  "dedupe_stats": {
    "duplicate_source_id": 111,
    "duplicate_text": 25,
    "unique_records": 1019
  },
  "requested": 1,
  "found": 0,
  "learned": 0,
  "skipped": 0,
  "missing": [
    "523594090828041526"
  ],
  "video_analysis_requested": 0,
  "selected_cards_dir": "01_Case_Cleaning/video_learning/selected_deep_cards",
  "manifest": "01_Case_Cleaning/video_learning/state/learning_manifest.json",
  "report": "01_Case_Cleaning/video_learning/latest_selected_deep_learning_report.md"
}

=== 2026-06-19T14:44:04 7593729386504047914 ===
objc[47972]: Class AVFFrameReceiver is implemented in both /Users/lao_wu/codexAI/知识库/.venv/lib/python3.12/site-packages/av/.dylibs/libavdevice.62.3.101.dylib (0x1080c03a8) and /Users/lao_wu/codexAI/知识库/.venv/lib/python3.12/site-packages/cv2/.dylibs/libavdevice.61.3.100.dylib (0x10c1603a8). This may cause spurious casting failures and mysterious crashes. One of the duplicates must be removed or renamed.
objc[47972]: Class AVFAudioReceiver is implemented in both /Users/lao_wu/codexAI/知识库/.venv/lib/python3.12/site-packages/av/.dylibs/libavdevice.62.3.101.dylib (0x1080c03f8) and /Users/lao_wu/codexAI/知识库/.venv/lib/python3.12/site-packages/cv2/.dylibs/libavdevice.61.3.100.dylib (0x10c1603f8). This may cause spurious casting failures and mysterious crashes. One of the duplicates must be removed or renamed.
{
  "raw_counts": {
    "douyin_contents": 1140,
    "xhs_contents": 15,
    "douyin_comments": 10280,
    "creators": 3,
    "unknown": 0
  },
  "dedupe_stats": {
    "duplicate_source_id": 111,
    "duplicate_text": 25,
    "unique_records": 1019
  },
  "requested": 1,
  "found": 1,
  "learned": 1,
  "skipped": 0,
  "missing": [],
  "video_analysis_requested": 1,
  "selected_cards_dir": "01_Case_Cleaning/video_learning/selected_deep_cards",
  "manifest": "01_Case_Cleaning/video_learning/state/learning_manifest.json",
  "report": "01_Case_Cleaning/video_learning/latest_selected_deep_learning_report.md"
}

=== 2026-06-19T14:52:19 7644578414015401235 ===
objc[63856]: Class AVFFrameReceiver is implemented in both /Users/lao_wu/codexAI/知识库/.venv/lib/python3.12/site-packages/av/.dylibs/libavdevice.62.3.101.dylib (0x10858c3a8) and /Users/lao_wu/codexAI/知识库/.venv/lib/python3.12/site-packages/cv2/.dylibs/libavdevice.61.3.100.dylib (0x10c4ec3a8). This may cause spurious casting failures and mysterious crashes. One of the duplicates must be removed or renamed.
objc[63856]: Class AVFAudioReceiver is implemented in both /Users/lao_wu/codexAI/知识库/.venv/lib/python3.12/site-packages/av/.dylibs/libavdevice.62.3.101.dylib (0x10858c3f8) and /Users/lao_wu/codexAI/知识库/.venv/lib/python3.12/site-packages/cv2/.dylibs/libavdevice.61.3.100.dylib (0x10c4ec3f8). This may cause spurious casting failures and mysterious crashes. One of the duplicates must be removed or renamed.
{
  "raw_counts": {
    "douyin_contents": 1140,
    "xhs_contents": 15,
    "douyin_comments": 10280,
    "creators": 3,
    "unknown": 0
  },
  "dedupe_stats": {
    "duplicate_source_id": 111,
    "duplicate_text": 25,
    "unique_records": 1019
  },
  "requested": 1,
  "found": 1,
  "learned": 1,
  "skipped": 0,
  "missing": [],
  "video_analysis_requested": 1,
  "selected_cards_dir": "01_Case_Cleaning/video_learning/selected_deep_cards",
  "manifest": "01_Case_Cleaning/video_learning/state/learning_manifest.json",
  "report": "01_Case_Cleaning/video_learning/latest_selected_deep_learning_report.md"
}

=== 2026-06-19T14:57:35 598553754534776118 ===
{
  "raw_counts": {
    "douyin_contents": 1140,
    "xhs_contents": 15,
    "douyin_comments": 10280,
    "creators": 3,
    "unknown": 0
  },
  "dedupe_stats": {
    "duplicate_source_id": 111,
    "duplicate_text": 25,
    "unique_records": 1019
  },
  "requested": 1,
  "found": 0,
  "learned": 0,
  "skipped": 0,
  "missing": [
    "598553754534776118"
  ],
  "video_analysis_requested": 0,
  "selected_cards_dir": "01_Case_Cleaning/video_learning/selected_deep_cards",
  "manifest": "01_Case_Cleaning/video_learning/state/learning_manifest.json",
  "report": "01_Case_Cleaning/video_learning/latest_selected_deep_learning_report.md"
}

=== 2026-06-19T14:57:50 7416961845786873100 ===
objc[74465]: Class AVFFrameReceiver is implemented in both /Users/lao_wu/codexAI/知识库/.venv/lib/python3.12/site-packages/av/.dylibs/libavdevice.62.3.101.dylib (0x105f843a8) and /Users/lao_wu/codexAI/知识库/.venv/lib/python3.12/site-packages/cv2/.dylibs/libavdevice.61.3.100.dylib (0x10a06c3a8). This may cause spurious casting failures and mysterious crashes. One of the duplicates must be removed or renamed.
objc[74465]: Class AVFAudioReceiver is implemented in both /Users/lao_wu/codexAI/知识库/.venv/lib/python3.12/site-packages/av/.dylibs/libavdevice.62.3.101.dylib (0x105f843f8) and /Users/lao_wu/codexAI/知识库/.venv/lib/python3.12/site-packages/cv2/.dylibs/libavdevice.61.3.100.dylib (0x10a06c3f8). This may cause spurious casting failures and mysterious crashes. One of the duplicates must be removed or renamed.
{
  "raw_counts": {
    "douyin_contents": 1140,
    "xhs_contents": 15,
    "douyin_comments": 10280,
    "creators": 3,
    "unknown": 0
  },
  "dedupe_stats": {
    "duplicate_source_id": 111,
    "duplicate_text": 25,
    "unique_records": 1019
  },
  "requested": 1,
  "found": 1,
  "learned": 1,
  "skipped": 0,
  "missing": [],
  "video_analysis_requested": 1,
  "selected_cards_dir": "01_Case_Cleaning/video_learning/selected_deep_cards",
  "manifest": "01_Case_Cleaning/video_learning/state/learning_manifest.json",
  "report": "01_Case_Cleaning/video_learning/latest_selected_deep_learning_report.md"
}

=== 2026-06-19T15:01:05 7648295360862899456 ===
objc[80772]: Class AVFFrameReceiver is implemented in both /Users/lao_wu/codexAI/知识库/.venv/lib/python3.12/site-packages/av/.dylibs/libavdevice.62.3.101.dylib (0x107f083a8) and /Users/lao_wu/codexAI/知识库/.venv/lib/python3.12/site-packages/cv2/.dylibs/libavdevice.61.3.100.dylib (0x10bf743a8). This may cause spurious casting failures and mysterious crashes. One of the duplicates must be removed or renamed.
objc[80772]: Class AVFAudioReceiver is implemented in both /Users/lao_wu/codexAI/知识库/.venv/lib/python3.12/site-packages/av/.dylibs/libavdevice.62.3.101.dylib (0x107f083f8) and /Users/lao_wu/codexAI/知识库/.venv/lib/python3.12/site-packages/cv2/.dylibs/libavdevice.61.3.100.dylib (0x10bf743f8). This may cause spurious casting failures and mysterious crashes. One of the duplicates must be removed or renamed.
{
  "raw_counts": {
    "douyin_contents": 1140,
    "xhs_contents": 15,
    "douyin_comments": 10280,
    "creators": 3,
    "unknown": 0
  },
  "dedupe_stats": {
    "duplicate_source_id": 111,
    "duplicate_text": 25,
    "unique_records": 1019
  },
  "requested": 1,
  "found": 1,
  "learned": 1,
  "skipped": 0,
  "missing": [],
  "video_analysis_requested": 1,
  "selected_cards_dir": "01_Case_Cleaning/video_learning/selected_deep_cards",
  "manifest": "01_Case_Cleaning/video_learning/state/learning_manifest.json",
  "report": "01_Case_Cleaning/video_learning/latest_selected_deep_learning_report.md"
}

=== 2026-06-19T15:07:06 432683956031540491 ===
{
  "raw_counts": {
    "douyin_contents": 1140,
    "xhs_contents": 15,
    "douyin_comments": 10280,
    "creators": 3,
    "unknown": 0
  },
  "dedupe_stats": {
    "duplicate_source_id": 111,
    "duplicate_text": 25,
    "unique_records": 1019
  },
  "requested": 1,
  "found": 0,
  "learned": 0,
  "skipped": 0,
  "missing": [
    "432683956031540491"
  ],
  "video_analysis_requested": 0,
  "selected_cards_dir": "01_Case_Cleaning/video_learning/selected_deep_cards",
  "manifest": "01_Case_Cleaning/video_learning/state/learning_manifest.json",
  "report": "01_Case_Cleaning/video_learning/latest_selected_deep_learning_report.md"
}

=== 2026-06-19T15:07:21 7596705620514835748 ===
objc[92869]: Class AVFFrameReceiver is implemented in both /Users/lao_wu/codexAI/知识库/.venv/lib/python3.12/site-packages/av/.dylibs/libavdevice.62.3.101.dylib (0x10a6a03a8) and /Users/lao_wu/codexAI/知识库/.venv/lib/python3.12/site-packages/cv2/.dylibs/libavdevice.61.3.100.dylib (0x10e61c3a8). This may cause spurious casting failures and mysterious crashes. One of the duplicates must be removed or renamed.
objc[92869]: Class AVFAudioReceiver is implemented in both /Users/lao_wu/codexAI/知识库/.venv/lib/python3.12/site-packages/av/.dylibs/libavdevice.62.3.101.dylib (0x10a6a03f8) and /Users/lao_wu/codexAI/知识库/.venv/lib/python3.12/site-packages/cv2/.dylibs/libavdevice.61.3.100.dylib (0x10e61c3f8). This may cause spurious casting failures and mysterious crashes. One of the duplicates must be removed or renamed.
{
  "raw_counts": {
    "douyin_contents": 1140,
    "xhs_contents": 15,
    "douyin_comments": 10280,
    "creators": 3,
    "unknown": 0
  },
  "dedupe_stats": {
    "duplicate_source_id": 111,
    "duplicate_text": 25,
    "unique_records": 1019
  },
  "requested": 1,
  "found": 1,
  "learned": 1,
  "skipped": 0,
  "missing": [],
  "video_analysis_requested": 1,
  "selected_cards_dir": "01_Case_Cleaning/video_learning/selected_deep_cards",
  "manifest": "01_Case_Cleaning/video_learning/state/learning_manifest.json",
  "report": "01_Case_Cleaning/video_learning/latest_selected_deep_learning_report.md"
}

=== 2026-06-19T15:08:21 620452140850384179 ===
{
  "raw_counts": {
    "douyin_contents": 1140,
    "xhs_contents": 15,
    "douyin_comments": 10280,
    "creators": 3,
    "unknown": 0
  },
  "dedupe_stats": {
    "duplicate_source_id": 111,
    "duplicate_text": 25,
    "unique_records": 1019
  },
  "requested": 1,
  "found": 0,
  "learned": 0,
  "skipped": 0,
  "missing": [
    "620452140850384179"
  ],
  "video_analysis_requested": 0,
  "selected_cards_dir": "01_Case_Cleaning/video_learning/selected_deep_cards",
  "manifest": "01_Case_Cleaning/video_learning/state/learning_manifest.json",
  "report": "01_Case_Cleaning/video_learning/latest_selected_deep_learning_report.md"
}

=== 2026-06-19T15:08:36 7621518948420324658 ===
objc[95460]: Class AVFFrameReceiver is implemented in both /Users/lao_wu/codexAI/知识库/.venv/lib/python3.12/site-packages/av/.dylibs/libavdevice.62.3.101.dylib (0x109fb03a8) and /Users/lao_wu/codexAI/知识库/.venv/lib/python3.12/site-packages/cv2/.dylibs/libavdevice.61.3.100.dylib (0x10df1c3a8). This may cause spurious casting failures and mysterious crashes. One of the duplicates must be removed or renamed.
objc[95460]: Class AVFAudioReceiver is implemented in both /Users/lao_wu/codexAI/知识库/.venv/lib/python3.12/site-packages/av/.dylibs/libavdevice.62.3.101.dylib (0x109fb03f8) and /Users/lao_wu/codexAI/知识库/.venv/lib/python3.12/site-packages/cv2/.dylibs/libavdevice.61.3.100.dylib (0x10df1c3f8). This may cause spurious casting failures and mysterious crashes. One of the duplicates must be removed or renamed.
{
  "raw_counts": {
    "douyin_contents": 1140,
    "xhs_contents": 15,
    "douyin_comments": 10280,
    "creators": 3,
    "unknown": 0
  },
  "dedupe_stats": {
    "duplicate_source_id": 111,
    "duplicate_text": 25,
    "unique_records": 1019
  },
  "requested": 1,
  "found": 1,
  "learned": 1,
  "skipped": 0,
  "missing": [],
  "video_analysis_requested": 1,
  "selected_cards_dir": "01_Case_Cleaning/video_learning/selected_deep_cards",
  "manifest": "01_Case_Cleaning/video_learning/state/learning_manifest.json",
  "report": "01_Case_Cleaning/video_learning/latest_selected_deep_learning_report.md"
}

=== 2026-06-19T15:10:36 05041506858224932 ===
{
  "raw_counts": {
    "douyin_contents": 1140,
    "xhs_contents": 15,
    "douyin_comments": 10280,
    "creators": 3,
    "unknown": 0
  },
  "dedupe_stats": {
    "duplicate_source_id": 111,
    "duplicate_text": 25,
    "unique_records": 1019
  },
  "requested": 1,
  "found": 0,
  "learned": 0,
  "skipped": 0,
  "missing": [
    "05041506858224932"
  ],
  "video_analysis_requested": 0,
  "selected_cards_dir": "01_Case_Cleaning/video_learning/selected_deep_cards",
  "manifest": "01_Case_Cleaning/video_learning/state/learning_manifest.json",
  "report": "01_Case_Cleaning/video_learning/latest_selected_deep_learning_report.md"
}

=== 2026-06-19T15:10:51 7646802062281346356 ===
objc[99942]: Class AVFFrameReceiver is implemented in both /Users/lao_wu/codexAI/知识库/.venv/lib/python3.12/site-packages/av/.dylibs/libavdevice.62.3.101.dylib (0x10806c3a8) and /Users/lao_wu/codexAI/知识库/.venv/lib/python3.12/site-packages/cv2/.dylibs/libavdevice.61.3.100.dylib (0x10c0083a8). This may cause spurious casting failures and mysterious crashes. One of the duplicates must be removed or renamed.
objc[99942]: Class AVFAudioReceiver is implemented in both /Users/lao_wu/codexAI/知识库/.venv/lib/python3.12/site-packages/av/.dylibs/libavdevice.62.3.101.dylib (0x10806c3f8) and /Users/lao_wu/codexAI/知识库/.venv/lib/python3.12/site-packages/cv2/.dylibs/libavdevice.61.3.100.dylib (0x10c0083f8). This may cause spurious casting failures and mysterious crashes. One of the duplicates must be removed or renamed.
{
  "raw_counts": {
    "douyin_contents": 1140,
    "xhs_contents": 15,
    "douyin_comments": 10280,
    "creators": 3,
    "unknown": 0
  },
  "dedupe_stats": {
    "duplicate_source_id": 111,
    "duplicate_text": 25,
    "unique_records": 1019
  },
  "requested": 1,
  "found": 1,
  "learned": 1,
  "skipped": 0,
  "missing": [],
  "video_analysis_requested": 1,
  "selected_cards_dir": "01_Case_Cleaning/video_learning/selected_deep_cards",
  "manifest": "01_Case_Cleaning/video_learning/state/learning_manifest.json",
  "report": "01_Case_Cleaning/video_learning/latest_selected_deep_learning_report.md"
}

=== 2026-06-19T15:16:07 552895793951264039 ===
{
  "raw_counts": {
    "douyin_contents": 1140,
    "xhs_contents": 15,
    "douyin_comments": 10280,
    "creators": 3,
    "unknown": 0
  },
  "dedupe_stats": {
    "duplicate_source_id": 111,
    "duplicate_text": 25,
    "unique_records": 1019
  },
  "requested": 1,
  "found": 0,
  "learned": 0,
  "skipped": 0,
  "missing": [
    "552895793951264039"
  ],
  "video_analysis_requested": 0,
  "selected_cards_dir": "01_Case_Cleaning/video_learning/selected_deep_cards",
  "manifest": "01_Case_Cleaning/video_learning/state/learning_manifest.json",
  "report": "01_Case_Cleaning/video_learning/latest_selected_deep_learning_report.md"
}

=== 2026-06-19T15:16:22 7549574243395112192 ===
objc[11066]: Class AVFFrameReceiver is implemented in both /Users/lao_wu/codexAI/知识库/.venv/lib/python3.12/site-packages/av/.dylibs/libavdevice.62.3.101.dylib (0x1078c83a8) and /Users/lao_wu/codexAI/知识库/.venv/lib/python3.12/site-packages/cv2/.dylibs/libavdevice.61.3.100.dylib (0x10b8503a8). This may cause spurious casting failures and mysterious crashes. One of the duplicates must be removed or renamed.
objc[11066]: Class AVFAudioReceiver is implemented in both /Users/lao_wu/codexAI/知识库/.venv/lib/python3.12/site-packages/av/.dylibs/libavdevice.62.3.101.dylib (0x1078c83f8) and /Users/lao_wu/codexAI/知识库/.venv/lib/python3.12/site-packages/cv2/.dylibs/libavdevice.61.3.100.dylib (0x10b8503f8). This may cause spurious casting failures and mysterious crashes. One of the duplicates must be removed or renamed.
{
  "raw_counts": {
    "douyin_contents": 1140,
    "xhs_contents": 15,
    "douyin_comments": 10280,
    "creators": 3,
    "unknown": 0
  },
  "dedupe_stats": {
    "duplicate_source_id": 111,
    "duplicate_text": 25,
    "unique_records": 1019
  },
  "requested": 1,
  "found": 1,
  "learned": 1,
  "skipped": 0,
  "missing": [],
  "video_analysis_requested": 1,
  "selected_cards_dir": "01_Case_Cleaning/video_learning/selected_deep_cards",
  "manifest": "01_Case_Cleaning/video_learning/state/learning_manifest.json",
  "report": "01_Case_Cleaning/video_learning/latest_selected_deep_learning_report.md"
}

=== 2026-06-19T15:19:52 568818546345963243 ===
{
  "raw_counts": {
    "douyin_contents": 1140,
    "xhs_contents": 15,
    "douyin_comments": 10280,
    "creators": 3,
    "unknown": 0
  },
  "dedupe_stats": {
    "duplicate_source_id": 111,
    "duplicate_text": 25,
    "unique_records": 1019
  },
  "requested": 1,
  "found": 0,
  "learned": 0,
  "skipped": 0,
  "missing": [
    "568818546345963243"
  ],
  "video_analysis_requested": 0,
  "selected_cards_dir": "01_Case_Cleaning/video_learning/selected_deep_cards",
  "manifest": "01_Case_Cleaning/video_learning/state/learning_manifest.json",
  "report": "01_Case_Cleaning/video_learning/latest_selected_deep_learning_report.md"
}

=== 2026-06-19T15:20:07 7541046418572660020 ===
objc[18426]: Class AVFFrameReceiver is implemented in both /Users/lao_wu/codexAI/知识库/.venv/lib/python3.12/site-packages/av/.dylibs/libavdevice.62.3.101.dylib (0x10a3a03a8) and /Users/lao_wu/codexAI/知识库/.venv/lib/python3.12/site-packages/cv2/.dylibs/libavdevice.61.3.100.dylib (0x10e3343a8). This may cause spurious casting failures and mysterious crashes. One of the duplicates must be removed or renamed.
objc[18426]: Class AVFAudioReceiver is implemented in both /Users/lao_wu/codexAI/知识库/.venv/lib/python3.12/site-packages/av/.dylibs/libavdevice.62.3.101.dylib (0x10a3a03f8) and /Users/lao_wu/codexAI/知识库/.venv/lib/python3.12/site-packages/cv2/.dylibs/libavdevice.61.3.100.dylib (0x10e3343f8). This may cause spurious casting failures and mysterious crashes. One of the duplicates must be removed or renamed.
{
  "raw_counts": {
    "douyin_contents": 1140,
    "xhs_contents": 15,
    "douyin_comments": 10280,
    "creators": 3,
    "unknown": 0
  },
  "dedupe_stats": {
    "duplicate_source_id": 111,
    "duplicate_text": 25,
    "unique_records": 1019
  },
  "requested": 1,
  "found": 1,
  "learned": 1,
  "skipped": 0,
  "missing": [],
  "video_analysis_requested": 1,
  "selected_cards_dir": "01_Case_Cleaning/video_learning/selected_deep_cards",
  "manifest": "01_Case_Cleaning/video_learning/state/learning_manifest.json",
  "report": "01_Case_Cleaning/video_learning/latest_selected_deep_learning_report.md"
}

=== 2026-06-19T15:23:23 7561436598668184858 ===
objc[24716]: Class AVFFrameReceiver is implemented in both /Users/lao_wu/codexAI/知识库/.venv/lib/python3.12/site-packages/av/.dylibs/libavdevice.62.3.101.dylib (0x1082343a8) and /Users/lao_wu/codexAI/知识库/.venv/lib/python3.12/site-packages/cv2/.dylibs/libavdevice.61.3.100.dylib (0x10c2b83a8). This may cause spurious casting failures and mysterious crashes. One of the duplicates must be removed or renamed.
objc[24716]: Class AVFAudioReceiver is implemented in both /Users/lao_wu/codexAI/知识库/.venv/lib/python3.12/site-packages/av/.dylibs/libavdevice.62.3.101.dylib (0x1082343f8) and /Users/lao_wu/codexAI/知识库/.venv/lib/python3.12/site-packages/cv2/.dylibs/libavdevice.61.3.100.dylib (0x10c2b83f8). This may cause spurious casting failures and mysterious crashes. One of the duplicates must be removed or renamed.
{
  "raw_counts": {
    "douyin_contents": 1140,
    "xhs_contents": 15,
    "douyin_comments": 10280,
    "creators": 3,
    "unknown": 0
  },
  "dedupe_stats": {
    "duplicate_source_id": 111,
    "duplicate_text": 25,
    "unique_records": 1019
  },
  "requested": 1,
  "found": 1,
  "learned": 1,
  "skipped": 0,
  "missing": [],
  "video_analysis_requested": 1,
  "selected_cards_dir": "01_Case_Cleaning/video_learning/selected_deep_cards",
  "manifest": "01_Case_Cleaning/video_learning/state/learning_manifest.json",
  "report": "01_Case_Cleaning/video_learning/latest_selected_deep_learning_report.md"
}

=== 2026-06-19T15:26:08 7603386512180383012 ===
objc[30080]: Class AVFFrameReceiver is implemented in both /Users/lao_wu/codexAI/知识库/.venv/lib/python3.12/site-packages/av/.dylibs/libavdevice.62.3.101.dylib (0x10830c3a8) and /Users/lao_wu/codexAI/知识库/.venv/lib/python3.12/site-packages/cv2/.dylibs/libavdevice.61.3.100.dylib (0x10bbfc3a8). This may cause spurious casting failures and mysterious crashes. One of the duplicates must be removed or renamed.
objc[30080]: Class AVFAudioReceiver is implemented in both /Users/lao_wu/codexAI/知识库/.venv/lib/python3.12/site-packages/av/.dylibs/libavdevice.62.3.101.dylib (0x10830c3f8) and /Users/lao_wu/codexAI/知识库/.venv/lib/python3.12/site-packages/cv2/.dylibs/libavdevice.61.3.100.dylib (0x10bbfc3f8). This may cause spurious casting failures and mysterious crashes. One of the duplicates must be removed or renamed.
{
  "raw_counts": {
    "douyin_contents": 1140,
    "xhs_contents": 15,
    "douyin_comments": 10280,
    "creators": 3,
    "unknown": 0
  },
  "dedupe_stats": {
    "duplicate_source_id": 111,
    "duplicate_text": 25,
    "unique_records": 1019
  },
  "requested": 1,
  "found": 1,
  "learned": 1,
  "skipped": 0,
  "missing": [],
  "video_analysis_requested": 1,
  "selected_cards_dir": "01_Case_Cleaning/video_learning/selected_deep_cards",
  "manifest": "01_Case_Cleaning/video_learning/state/learning_manifest.json",
  "report": "01_Case_Cleaning/video_learning/latest_selected_deep_learning_report.md"
}

=== 2026-06-19T15:30:39 7607072666188631305 ===
objc[38775]: Class AVFFrameReceiver is implemented in both /Users/lao_wu/codexAI/知识库/.venv/lib/python3.12/site-packages/av/.dylibs/libavdevice.62.3.101.dylib (0x1059e43a8) and /Users/lao_wu/codexAI/知识库/.venv/lib/python3.12/site-packages/cv2/.dylibs/libavdevice.61.3.100.dylib (0x109a843a8). This may cause spurious casting failures and mysterious crashes. One of the duplicates must be removed or renamed.
objc[38775]: Class AVFAudioReceiver is implemented in both /Users/lao_wu/codexAI/知识库/.venv/lib/python3.12/site-packages/av/.dylibs/libavdevice.62.3.101.dylib (0x1059e43f8) and /Users/lao_wu/codexAI/知识库/.venv/lib/python3.12/site-packages/cv2/.dylibs/libavdevice.61.3.100.dylib (0x109a843f8). This may cause spurious casting failures and mysterious crashes. One of the duplicates must be removed or renamed.
{
  "raw_counts": {
    "douyin_contents": 1140,
    "xhs_contents": 15,
    "douyin_comments": 10280,
    "creators": 3,
    "unknown": 0
  },
  "dedupe_stats": {
    "duplicate_source_id": 111,
    "duplicate_text": 25,
    "unique_records": 1019
  },
  "requested": 1,
  "found": 1,
  "learned": 1,
  "skipped": 0,
  "missing": [],
  "video_analysis_requested": 1,
  "selected_cards_dir": "01_Case_Cleaning/video_learning/selected_deep_cards",
  "manifest": "01_Case_Cleaning/video_learning/state/learning_manifest.json",
  "report": "01_Case_Cleaning/video_learning/latest_selected_deep_learning_report.md"
}

=== 2026-06-19T15:34:24 538795273326890282 ===
{
  "raw_counts": {
    "douyin_contents": 1140,
    "xhs_contents": 15,
    "douyin_comments": 10280,
    "creators": 3,
    "unknown": 0
  },
  "dedupe_stats": {
    "duplicate_source_id": 111,
    "duplicate_text": 25,
    "unique_records": 1019
  },
  "requested": 1,
  "found": 0,
  "learned": 0,
  "skipped": 0,
  "missing": [
    "538795273326890282"
  ],
  "video_analysis_requested": 0,
  "selected_cards_dir": "01_Case_Cleaning/video_learning/selected_deep_cards",
  "manifest": "01_Case_Cleaning/video_learning/state/learning_manifest.json",
  "report": "01_Case_Cleaning/video_learning/latest_selected_deep_learning_report.md"
}

=== 2026-06-19T15:34:39 7568130374224629002 ===
objc[46571]: Class AVFFrameReceiver is implemented in both /Users/lao_wu/codexAI/知识库/.venv/lib/python3.12/site-packages/av/.dylibs/libavdevice.62.3.101.dylib (0x1063483a8) and /Users/lao_wu/codexAI/知识库/.venv/lib/python3.12/site-packages/cv2/.dylibs/libavdevice.61.3.100.dylib (0x10a2d03a8). This may cause spurious casting failures and mysterious crashes. One of the duplicates must be removed or renamed.
objc[46571]: Class AVFAudioReceiver is implemented in both /Users/lao_wu/codexAI/知识库/.venv/lib/python3.12/site-packages/av/.dylibs/libavdevice.62.3.101.dylib (0x1063483f8) and /Users/lao_wu/codexAI/知识库/.venv/lib/python3.12/site-packages/cv2/.dylibs/libavdevice.61.3.100.dylib (0x10a2d03f8). This may cause spurious casting failures and mysterious crashes. One of the duplicates must be removed or renamed.
{
  "raw_counts": {
    "douyin_contents": 1140,
    "xhs_contents": 15,
    "douyin_comments": 10280,
    "creators": 3,
    "unknown": 0
  },
  "dedupe_stats": {
    "duplicate_source_id": 111,
    "duplicate_text": 25,
    "unique_records": 1019
  },
  "requested": 1,
  "found": 1,
  "learned": 1,
  "skipped": 0,
  "missing": [],
  "video_analysis_requested": 1,
  "selected_cards_dir": "01_Case_Cleaning/video_learning/selected_deep_cards",
  "manifest": "01_Case_Cleaning/video_learning/state/learning_manifest.json",
  "report": "01_Case_Cleaning/video_learning/latest_selected_deep_learning_report.md"
}

=== 2026-06-19T15:37:54 7631599967408360746 ===
objc[52869]: Class AVFFrameReceiver is implemented in both /Users/lao_wu/codexAI/知识库/.venv/lib/python3.12/site-packages/av/.dylibs/libavdevice.62.3.101.dylib (0x109ff83a8) and /Users/lao_wu/codexAI/知识库/.venv/lib/python3.12/site-packages/cv2/.dylibs/libavdevice.61.3.100.dylib (0x10d8e83a8). This may cause spurious casting failures and mysterious crashes. One of the duplicates must be removed or renamed.
objc[52869]: Class AVFAudioReceiver is implemented in both /Users/lao_wu/codexAI/知识库/.venv/lib/python3.12/site-packages/av/.dylibs/libavdevice.62.3.101.dylib (0x109ff83f8) and /Users/lao_wu/codexAI/知识库/.venv/lib/python3.12/site-packages/cv2/.dylibs/libavdevice.61.3.100.dylib (0x10d8e83f8). This may cause spurious casting failures and mysterious crashes. One of the duplicates must be removed or renamed.
{
  "raw_counts": {
    "douyin_contents": 1140,
    "xhs_contents": 15,
    "douyin_comments": 10280,
    "creators": 3,
    "unknown": 0
  },
  "dedupe_stats": {
    "duplicate_source_id": 111,
    "duplicate_text": 25,
    "unique_records": 1019
  },
  "requested": 1,
  "found": 1,
  "learned": 1,
  "skipped": 0,
  "missing": [],
  "video_analysis_requested": 1,
  "selected_cards_dir": "01_Case_Cleaning/video_learning/selected_deep_cards",
  "manifest": "01_Case_Cleaning/video_learning/state/learning_manifest.json",
  "report": "01_Case_Cleaning/video_learning/latest_selected_deep_learning_report.md"
}

=== 2026-06-19T15:42:55 22329208672406834 ===
{
  "raw_counts": {
    "douyin_contents": 1140,
    "xhs_contents": 15,
    "douyin_comments": 10280,
    "creators": 3,
    "unknown": 0
  },
  "dedupe_stats": {
    "duplicate_source_id": 111,
    "duplicate_text": 25,
    "unique_records": 1019
  },
  "requested": 1,
  "found": 0,
  "learned": 0,
  "skipped": 0,
  "missing": [
    "22329208672406834"
  ],
  "video_analysis_requested": 0,
  "selected_cards_dir": "01_Case_Cleaning/video_learning/selected_deep_cards",
  "manifest": "01_Case_Cleaning/video_learning/state/learning_manifest.json",
  "report": "01_Case_Cleaning/video_learning/latest_selected_deep_learning_report.md"
}

=== 2026-06-19T15:43:10 7617851728397962542 ===
objc[63012]: Class AVFFrameReceiver is implemented in both /Users/lao_wu/codexAI/知识库/.venv/lib/python3.12/site-packages/av/.dylibs/libavdevice.62.3.101.dylib (0x109e703a8) and /Users/lao_wu/codexAI/知识库/.venv/lib/python3.12/site-packages/cv2/.dylibs/libavdevice.61.3.100.dylib (0x10dec83a8). This may cause spurious casting failures and mysterious crashes. One of the duplicates must be removed or renamed.
objc[63012]: Class AVFAudioReceiver is implemented in both /Users/lao_wu/codexAI/知识库/.venv/lib/python3.12/site-packages/av/.dylibs/libavdevice.62.3.101.dylib (0x109e703f8) and /Users/lao_wu/codexAI/知识库/.venv/lib/python3.12/site-packages/cv2/.dylibs/libavdevice.61.3.100.dylib (0x10dec83f8). This may cause spurious casting failures and mysterious crashes. One of the duplicates must be removed or renamed.
{
  "raw_counts": {
    "douyin_contents": 1140,
    "xhs_contents": 15,
    "douyin_comments": 10280,
    "creators": 3,
    "unknown": 0
  },
  "dedupe_stats": {
    "duplicate_source_id": 111,
    "duplicate_text": 25,
    "unique_records": 1019
  },
  "requested": 1,
  "found": 1,
  "learned": 1,
  "skipped": 0,
  "missing": [],
  "video_analysis_requested": 1,
  "selected_cards_dir": "01_Case_Cleaning/video_learning/selected_deep_cards",
  "manifest": "01_Case_Cleaning/video_learning/state/learning_manifest.json",
  "report": "01_Case_Cleaning/video_learning/latest_selected_deep_learning_report.md"
}

=== 2026-06-19T15:46:25 642736662568635675 ===
{
  "raw_counts": {
    "douyin_contents": 1140,
    "xhs_contents": 15,
    "douyin_comments": 10280,
    "creators": 3,
    "unknown": 0
  },
  "dedupe_stats": {
    "duplicate_source_id": 111,
    "duplicate_text": 25,
    "unique_records": 1019
  },
  "requested": 1,
  "found": 0,
  "learned": 0,
  "skipped": 0,
  "missing": [
    "642736662568635675"
  ],
  "video_analysis_requested": 0,
  "selected_cards_dir": "01_Case_Cleaning/video_learning/selected_deep_cards",
  "manifest": "01_Case_Cleaning/video_learning/state/learning_manifest.json",
  "report": "01_Case_Cleaning/video_learning/latest_selected_deep_learning_report.md"
}

=== 2026-06-19T15:46:40 7601154241889193251 ===
objc[69830]: Class AVFFrameReceiver is implemented in both /Users/lao_wu/codexAI/知识库/.venv/lib/python3.12/site-packages/av/.dylibs/libavdevice.62.3.101.dylib (0x1062343a8) and /Users/lao_wu/codexAI/知识库/.venv/lib/python3.12/site-packages/cv2/.dylibs/libavdevice.61.3.100.dylib (0x10a31c3a8). This may cause spurious casting failures and mysterious crashes. One of the duplicates must be removed or renamed.
objc[69830]: Class AVFAudioReceiver is implemented in both /Users/lao_wu/codexAI/知识库/.venv/lib/python3.12/site-packages/av/.dylibs/libavdevice.62.3.101.dylib (0x1062343f8) and /Users/lao_wu/codexAI/知识库/.venv/lib/python3.12/site-packages/cv2/.dylibs/libavdevice.61.3.100.dylib (0x10a31c3f8). This may cause spurious casting failures and mysterious crashes. One of the duplicates must be removed or renamed.
{
  "raw_counts": {
    "douyin_contents": 1140,
    "xhs_contents": 15,
    "douyin_comments": 10280,
    "creators": 3,
    "unknown": 0
  },
  "dedupe_stats": {
    "duplicate_source_id": 111,
    "duplicate_text": 25,
    "unique_records": 1019
  },
  "requested": 1,
  "found": 1,
  "learned": 1,
  "skipped": 0,
  "missing": [],
  "video_analysis_requested": 1,
  "selected_cards_dir": "01_Case_Cleaning/video_learning/selected_deep_cards",
  "manifest": "01_Case_Cleaning/video_learning/state/learning_manifest.json",
  "report": "01_Case_Cleaning/video_learning/latest_selected_deep_learning_report.md"
}

=== 2026-06-19T15:49:41 7597233865270910534 ===
objc[75672]: Class AVFFrameReceiver is implemented in both /Users/lao_wu/codexAI/知识库/.venv/lib/python3.12/site-packages/av/.dylibs/libavdevice.62.3.101.dylib (0x1058f43a8) and /Users/lao_wu/codexAI/知识库/.venv/lib/python3.12/site-packages/cv2/.dylibs/libavdevice.61.3.100.dylib (0x1098883a8). This may cause spurious casting failures and mysterious crashes. One of the duplicates must be removed or renamed.
objc[75672]: Class AVFAudioReceiver is implemented in both /Users/lao_wu/codexAI/知识库/.venv/lib/python3.12/site-packages/av/.dylibs/libavdevice.62.3.101.dylib (0x1058f43f8) and /Users/lao_wu/codexAI/知识库/.venv/lib/python3.12/site-packages/cv2/.dylibs/libavdevice.61.3.100.dylib (0x1098883f8). This may cause spurious casting failures and mysterious crashes. One of the duplicates must be removed or renamed.
{
  "raw_counts": {
    "douyin_contents": 1140,
    "xhs_contents": 15,
    "douyin_comments": 10280,
    "creators": 3,
    "unknown": 0
  },
  "dedupe_stats": {
    "duplicate_source_id": 111,
    "duplicate_text": 25,
    "unique_records": 1019
  },
  "requested": 1,
  "found": 1,
  "learned": 1,
  "skipped": 0,
  "missing": [],
  "video_analysis_requested": 1,
  "selected_cards_dir": "01_Case_Cleaning/video_learning/selected_deep_cards",
  "manifest": "01_Case_Cleaning/video_learning/state/learning_manifest.json",
  "report": "01_Case_Cleaning/video_learning/latest_selected_deep_learning_report.md"
}

=== 2026-06-19T15:53:41 384068155007651107 ===
{
  "raw_counts": {
    "douyin_contents": 1140,
    "xhs_contents": 15,
    "douyin_comments": 10280,
    "creators": 3,
    "unknown": 0
  },
  "dedupe_stats": {
    "duplicate_source_id": 111,
    "duplicate_text": 25,
    "unique_records": 1019
  },
  "requested": 1,
  "found": 0,
  "learned": 0,
  "skipped": 0,
  "missing": [
    "384068155007651107"
  ],
  "video_analysis_requested": 0,
  "selected_cards_dir": "01_Case_Cleaning/video_learning/selected_deep_cards",
  "manifest": "01_Case_Cleaning/video_learning/state/learning_manifest.json",
  "report": "01_Case_Cleaning/video_learning/latest_selected_deep_learning_report.md"
}

=== 2026-06-19T15:53:56 7129521528927948068 ===
objc[83943]: Class AVFFrameReceiver is implemented in both /Users/lao_wu/codexAI/知识库/.venv/lib/python3.12/site-packages/av/.dylibs/libavdevice.62.3.101.dylib (0x105e103a8) and /Users/lao_wu/codexAI/知识库/.venv/lib/python3.12/site-packages/cv2/.dylibs/libavdevice.61.3.100.dylib (0x109e8c3a8). This may cause spurious casting failures and mysterious crashes. One of the duplicates must be removed or renamed.
objc[83943]: Class AVFAudioReceiver is implemented in both /Users/lao_wu/codexAI/知识库/.venv/lib/python3.12/site-packages/av/.dylibs/libavdevice.62.3.101.dylib (0x105e103f8) and /Users/lao_wu/codexAI/知识库/.venv/lib/python3.12/site-packages/cv2/.dylibs/libavdevice.61.3.100.dylib (0x109e8c3f8). This may cause spurious casting failures and mysterious crashes. One of the duplicates must be removed or renamed.
{
  "raw_counts": {
    "douyin_contents": 1140,
    "xhs_contents": 15,
    "douyin_comments": 10280,
    "creators": 3,
    "unknown": 0
  },
  "dedupe_stats": {
    "duplicate_source_id": 111,
    "duplicate_text": 25,
    "unique_records": 1019
  },
  "requested": 1,
  "found": 1,
  "learned": 1,
  "skipped": 0,
  "missing": [],
  "video_analysis_requested": 1,
  "selected_cards_dir": "01_Case_Cleaning/video_learning/selected_deep_cards",
  "manifest": "01_Case_Cleaning/video_learning/state/learning_manifest.json",
  "report": "01_Case_Cleaning/video_learning/latest_selected_deep_learning_report.md"
}

=== 2026-06-19T15:57:11 7048251304447069453 ===
objc[90263]: Class AVFFrameReceiver is implemented in both /Users/lao_wu/codexAI/知识库/.venv/lib/python3.12/site-packages/av/.dylibs/libavdevice.62.3.101.dylib (0x10a0603a8) and /Users/lao_wu/codexAI/知识库/.venv/lib/python3.12/site-packages/cv2/.dylibs/libavdevice.61.3.100.dylib (0x10e0cc3a8). This may cause spurious casting failures and mysterious crashes. One of the duplicates must be removed or renamed.
objc[90263]: Class AVFAudioReceiver is implemented in both /Users/lao_wu/codexAI/知识库/.venv/lib/python3.12/site-packages/av/.dylibs/libavdevice.62.3.101.dylib (0x10a0603f8) and /Users/lao_wu/codexAI/知识库/.venv/lib/python3.12/site-packages/cv2/.dylibs/libavdevice.61.3.100.dylib (0x10e0cc3f8). This may cause spurious casting failures and mysterious crashes. One of the duplicates must be removed or renamed.
{
  "raw_counts": {
    "douyin_contents": 1140,
    "xhs_contents": 15,
    "douyin_comments": 10280,
    "creators": 3,
    "unknown": 0
  },
  "dedupe_stats": {
    "duplicate_source_id": 111,
    "duplicate_text": 25,
    "unique_records": 1019
  },
  "requested": 1,
  "found": 1,
  "learned": 1,
  "skipped": 0,
  "missing": [],
  "video_analysis_requested": 1,
  "selected_cards_dir": "01_Case_Cleaning/video_learning/selected_deep_cards",
  "manifest": "01_Case_Cleaning/video_learning/state/learning_manifest.json",
  "report": "01_Case_Cleaning/video_learning/latest_selected_deep_learning_report.md"
}

=== 2026-06-19T15:59:57 6813708566600404236 ===
objc[95608]: Class AVFFrameReceiver is implemented in both /Users/lao_wu/codexAI/知识库/.venv/lib/python3.12/site-packages/av/.dylibs/libavdevice.62.3.101.dylib (0x1058ac3a8) and /Users/lao_wu/codexAI/知识库/.venv/lib/python3.12/site-packages/cv2/.dylibs/libavdevice.61.3.100.dylib (0x10991c3a8). This may cause spurious casting failures and mysterious crashes. One of the duplicates must be removed or renamed.
objc[95608]: Class AVFAudioReceiver is implemented in both /Users/lao_wu/codexAI/知识库/.venv/lib/python3.12/site-packages/av/.dylibs/libavdevice.62.3.101.dylib (0x1058ac3f8) and /Users/lao_wu/codexAI/知识库/.venv/lib/python3.12/site-packages/cv2/.dylibs/libavdevice.61.3.100.dylib (0x10991c3f8). This may cause spurious casting failures and mysterious crashes. One of the duplicates must be removed or renamed.
{
  "raw_counts": {
    "douyin_contents": 1140,
    "xhs_contents": 15,
    "douyin_comments": 10280,
    "creators": 3,
    "unknown": 0
  },
  "dedupe_stats": {
    "duplicate_source_id": 111,
    "duplicate_text": 25,
    "unique_records": 1019
  },
  "requested": 1,
  "found": 1,
  "learned": 1,
  "skipped": 0,
  "missing": [],
  "video_analysis_requested": 1,
  "selected_cards_dir": "01_Case_Cleaning/video_learning/selected_deep_cards",
  "manifest": "01_Case_Cleaning/video_learning/state/learning_manifest.json",
  "report": "01_Case_Cleaning/video_learning/latest_selected_deep_learning_report.md"
}

=== 2026-06-19T16:02:57 7630837327660584238 ===
objc[1870]: Class AVFFrameReceiver is implemented in both /Users/lao_wu/codexAI/知识库/.venv/lib/python3.12/site-packages/av/.dylibs/libavdevice.62.3.101.dylib (0x10a3903a8) and /Users/lao_wu/codexAI/知识库/.venv/lib/python3.12/site-packages/cv2/.dylibs/libavdevice.61.3.100.dylib (0x10e32c3a8). This may cause spurious casting failures and mysterious crashes. One of the duplicates must be removed or renamed.
objc[1870]: Class AVFAudioReceiver is implemented in both /Users/lao_wu/codexAI/知识库/.venv/lib/python3.12/site-packages/av/.dylibs/libavdevice.62.3.101.dylib (0x10a3903f8) and /Users/lao_wu/codexAI/知识库/.venv/lib/python3.12/site-packages/cv2/.dylibs/libavdevice.61.3.100.dylib (0x10e32c3f8). This may cause spurious casting failures and mysterious crashes. One of the duplicates must be removed or renamed.
{
  "raw_counts": {
    "douyin_contents": 1140,
    "xhs_contents": 15,
    "douyin_comments": 10280,
    "creators": 3,
    "unknown": 0
  },
  "dedupe_stats": {
    "duplicate_source_id": 111,
    "duplicate_text": 25,
    "unique_records": 1019
  },
  "requested": 1,
  "found": 1,
  "learned": 1,
  "skipped": 0,
  "missing": [],
  "video_analysis_requested": 1,
  "selected_cards_dir": "01_Case_Cleaning/video_learning/selected_deep_cards",
  "manifest": "01_Case_Cleaning/video_learning/state/learning_manifest.json",
  "report": "01_Case_Cleaning/video_learning/latest_selected_deep_learning_report.md"
}

=== 2026-06-19T16:06:42 264211001535483194 ===
{
  "raw_counts": {
    "douyin_contents": 1140,
    "xhs_contents": 15,
    "douyin_comments": 10280,
    "creators": 3,
    "unknown": 0
  },
  "dedupe_stats": {
    "duplicate_source_id": 111,
    "duplicate_text": 25,
    "unique_records": 1019
  },
  "requested": 1,
  "found": 0,
  "learned": 0,
  "skipped": 0,
  "missing": [
    "264211001535483194"
  ],
  "video_analysis_requested": 0,
  "selected_cards_dir": "01_Case_Cleaning/video_learning/selected_deep_cards",
  "manifest": "01_Case_Cleaning/video_learning/state/learning_manifest.json",
  "report": "01_Case_Cleaning/video_learning/latest_selected_deep_learning_report.md"
}

=== 2026-06-19T16:06:58 7274939371835428131 ===
objc[9719]: Class AVFFrameReceiver is implemented in both /Users/lao_wu/codexAI/知识库/.venv/lib/python3.12/site-packages/av/.dylibs/libavdevice.62.3.101.dylib (0x10a5543a8) and /Users/lao_wu/codexAI/知识库/.venv/lib/python3.12/site-packages/cv2/.dylibs/libavdevice.61.3.100.dylib (0x10e5e03a8). This may cause spurious casting failures and mysterious crashes. One of the duplicates must be removed or renamed.
objc[9719]: Class AVFAudioReceiver is implemented in both /Users/lao_wu/codexAI/知识库/.venv/lib/python3.12/site-packages/av/.dylibs/libavdevice.62.3.101.dylib (0x10a5543f8) and /Users/lao_wu/codexAI/知识库/.venv/lib/python3.12/site-packages/cv2/.dylibs/libavdevice.61.3.100.dylib (0x10e5e03f8). This may cause spurious casting failures and mysterious crashes. One of the duplicates must be removed or renamed.
{
  "raw_counts": {
    "douyin_contents": 1140,
    "xhs_contents": 15,
    "douyin_comments": 10280,
    "creators": 3,
    "unknown": 0
  },
  "dedupe_stats": {
    "duplicate_source_id": 111,
    "duplicate_text": 25,
    "unique_records": 1019
  },
  "requested": 1,
  "found": 1,
  "learned": 1,
  "skipped": 0,
  "missing": [],
  "video_analysis_requested": 1,
  "selected_cards_dir": "01_Case_Cleaning/video_learning/selected_deep_cards",
  "manifest": "01_Case_Cleaning/video_learning/state/learning_manifest.json",
  "report": "01_Case_Cleaning/video_learning/latest_selected_deep_learning_report.md"
}

=== 2026-06-19T16:10:13 7578110142638542115 ===
objc[16025]: Class AVFFrameReceiver is implemented in both /Users/lao_wu/codexAI/知识库/.venv/lib/python3.12/site-packages/av/.dylibs/libavdevice.62.3.101.dylib (0x108d4c3a8) and /Users/lao_wu/codexAI/知识库/.venv/lib/python3.12/site-packages/cv2/.dylibs/libavdevice.61.3.100.dylib (0x10c6343a8). This may cause spurious casting failures and mysterious crashes. One of the duplicates must be removed or renamed.
objc[16025]: Class AVFAudioReceiver is implemented in both /Users/lao_wu/codexAI/知识库/.venv/lib/python3.12/site-packages/av/.dylibs/libavdevice.62.3.101.dylib (0x108d4c3f8) and /Users/lao_wu/codexAI/知识库/.venv/lib/python3.12/site-packages/cv2/.dylibs/libavdevice.61.3.100.dylib (0x10c6343f8). This may cause spurious casting failures and mysterious crashes. One of the duplicates must be removed or renamed.
{
  "raw_counts": {
    "douyin_contents": 1140,
    "xhs_contents": 15,
    "douyin_comments": 10280,
    "creators": 3,
    "unknown": 0
  },
  "dedupe_stats": {
    "duplicate_source_id": 111,
    "duplicate_text": 25,
    "unique_records": 1019
  },
  "requested": 1,
  "found": 1,
  "learned": 1,
  "skipped": 0,
  "missing": [],
  "video_analysis_requested": 1,
  "selected_cards_dir": "01_Case_Cleaning/video_learning/selected_deep_cards",
  "manifest": "01_Case_Cleaning/video_learning/state/learning_manifest.json",
  "report": "01_Case_Cleaning/video_learning/latest_selected_deep_learning_report.md"
}

=== 2026-06-19T16:13:13 7049353047872425223 ===
objc[21948]: Class AVFFrameReceiver is implemented in both /Users/lao_wu/codexAI/知识库/.venv/lib/python3.12/site-packages/av/.dylibs/libavdevice.62.3.101.dylib (0x1064683a8) and /Users/lao_wu/codexAI/知识库/.venv/lib/python3.12/site-packages/cv2/.dylibs/libavdevice.61.3.100.dylib (0x10a4c03a8). This may cause spurious casting failures and mysterious crashes. One of the duplicates must be removed or renamed.
objc[21948]: Class AVFAudioReceiver is implemented in both /Users/lao_wu/codexAI/知识库/.venv/lib/python3.12/site-packages/av/.dylibs/libavdevice.62.3.101.dylib (0x1064683f8) and /Users/lao_wu/codexAI/知识库/.venv/lib/python3.12/site-packages/cv2/.dylibs/libavdevice.61.3.100.dylib (0x10a4c03f8). This may cause spurious casting failures and mysterious crashes. One of the duplicates must be removed or renamed.
{
  "raw_counts": {
    "douyin_contents": 1140,
    "xhs_contents": 15,
    "douyin_comments": 10280,
    "creators": 3,
    "unknown": 0
  },
  "dedupe_stats": {
    "duplicate_source_id": 111,
    "duplicate_text": 25,
    "unique_records": 1019
  },
  "requested": 1,
  "found": 1,
  "learned": 1,
  "skipped": 0,
  "missing": [],
  "video_analysis_requested": 1,
  "selected_cards_dir": "01_Case_Cleaning/video_learning/selected_deep_cards",
  "manifest": "01_Case_Cleaning/video_learning/state/learning_manifest.json",
  "report": "01_Case_Cleaning/video_learning/latest_selected_deep_learning_report.md"
}

=== 2026-06-19T16:23:29 0143597873515810 ===
{
  "raw_counts": {
    "douyin_contents": 1140,
    "xhs_contents": 15,
    "douyin_comments": 10280,
    "creators": 3,
    "unknown": 0
  },
  "dedupe_stats": {
    "duplicate_source_id": 111,
    "duplicate_text": 25,
    "unique_records": 1019
  },
  "requested": 1,
  "found": 0,
  "learned": 0,
  "skipped": 0,
  "missing": [
    "0143597873515810"
  ],
  "video_analysis_requested": 0,
  "selected_cards_dir": "01_Case_Cleaning/video_learning/selected_deep_cards",
  "manifest": "01_Case_Cleaning/video_learning/state/learning_manifest.json",
  "report": "01_Case_Cleaning/video_learning/latest_selected_deep_learning_report.md"
}

=== 2026-06-19T16:23:44 7351006613240696090 ===
objc[42033]: Class AVFFrameReceiver is implemented in both /Users/lao_wu/codexAI/知识库/.venv/lib/python3.12/site-packages/av/.dylibs/libavdevice.62.3.101.dylib (0x10a4e43a8) and /Users/lao_wu/codexAI/知识库/.venv/lib/python3.12/site-packages/cv2/.dylibs/libavdevice.61.3.100.dylib (0x10e4503a8). This may cause spurious casting failures and mysterious crashes. One of the duplicates must be removed or renamed.
objc[42033]: Class AVFAudioReceiver is implemented in both /Users/lao_wu/codexAI/知识库/.venv/lib/python3.12/site-packages/av/.dylibs/libavdevice.62.3.101.dylib (0x10a4e43f8) and /Users/lao_wu/codexAI/知识库/.venv/lib/python3.12/site-packages/cv2/.dylibs/libavdevice.61.3.100.dylib (0x10e4503f8). This may cause spurious casting failures and mysterious crashes. One of the duplicates must be removed or renamed.
{
  "raw_counts": {
    "douyin_contents": 1140,
    "xhs_contents": 15,
    "douyin_comments": 10280,
    "creators": 3,
    "unknown": 0
  },
  "dedupe_stats": {
    "duplicate_source_id": 111,
    "duplicate_text": 25,
    "unique_records": 1019
  },
  "requested": 1,
  "found": 1,
  "learned": 1,
  "skipped": 0,
  "missing": [],
  "video_analysis_requested": 1,
  "selected_cards_dir": "01_Case_Cleaning/video_learning/selected_deep_cards",
  "manifest": "01_Case_Cleaning/video_learning/state/learning_manifest.json",
  "report": "01_Case_Cleaning/video_learning/latest_selected_deep_learning_report.md"
}

=== 2026-06-19T16:27:30 7058641665652821255 ===
objc[49398]: Class AVFFrameReceiver is implemented in both /Users/lao_wu/codexAI/知识库/.venv/lib/python3.12/site-packages/av/.dylibs/libavdevice.62.3.101.dylib (0x107d2c3a8) and /Users/lao_wu/codexAI/知识库/.venv/lib/python3.12/site-packages/cv2/.dylibs/libavdevice.61.3.100.dylib (0x10bdb83a8). This may cause spurious casting failures and mysterious crashes. One of the duplicates must be removed or renamed.
objc[49398]: Class AVFAudioReceiver is implemented in both /Users/lao_wu/codexAI/知识库/.venv/lib/python3.12/site-packages/av/.dylibs/libavdevice.62.3.101.dylib (0x107d2c3f8) and /Users/lao_wu/codexAI/知识库/.venv/lib/python3.12/site-packages/cv2/.dylibs/libavdevice.61.3.100.dylib (0x10bdb83f8). This may cause spurious casting failures and mysterious crashes. One of the duplicates must be removed or renamed.
{
  "raw_counts": {
    "douyin_contents": 1140,
    "xhs_contents": 15,
    "douyin_comments": 10280,
    "creators": 3,
    "unknown": 0
  },
  "dedupe_stats": {
    "duplicate_source_id": 111,
    "duplicate_text": 25,
    "unique_records": 1019
  },
  "requested": 1,
  "found": 1,
  "learned": 1,
  "skipped": 0,
  "missing": [],
  "video_analysis_requested": 1,
  "selected_cards_dir": "01_Case_Cleaning/video_learning/selected_deep_cards",
  "manifest": "01_Case_Cleaning/video_learning/state/learning_manifest.json",
  "report": "01_Case_Cleaning/video_learning/latest_selected_deep_learning_report.md"
}

=== 2026-06-19T16:30:15 7270315554093731133 ===
objc[54783]: Class AVFFrameReceiver is implemented in both /Users/lao_wu/codexAI/知识库/.venv/lib/python3.12/site-packages/av/.dylibs/libavdevice.62.3.101.dylib (0x109c9c3a8) and /Users/lao_wu/codexAI/知识库/.venv/lib/python3.12/site-packages/cv2/.dylibs/libavdevice.61.3.100.dylib (0x10d86c3a8). This may cause spurious casting failures and mysterious crashes. One of the duplicates must be removed or renamed.
objc[54783]: Class AVFAudioReceiver is implemented in both /Users/lao_wu/codexAI/知识库/.venv/lib/python3.12/site-packages/av/.dylibs/libavdevice.62.3.101.dylib (0x109c9c3f8) and /Users/lao_wu/codexAI/知识库/.venv/lib/python3.12/site-packages/cv2/.dylibs/libavdevice.61.3.100.dylib (0x10d86c3f8). This may cause spurious casting failures and mysterious crashes. One of the duplicates must be removed or renamed.
{
  "raw_counts": {
    "douyin_contents": 1140,
    "xhs_contents": 15,
    "douyin_comments": 10280,
    "creators": 3,
    "unknown": 0
  },
  "dedupe_stats": {
    "duplicate_source_id": 111,
    "duplicate_text": 25,
    "unique_records": 1019
  },
  "requested": 1,
  "found": 1,
  "learned": 1,
  "skipped": 0,
  "missing": [],
  "video_analysis_requested": 1,
  "selected_cards_dir": "01_Case_Cleaning/video_learning/selected_deep_cards",
  "manifest": "01_Case_Cleaning/video_learning/state/learning_manifest.json",
  "report": "01_Case_Cleaning/video_learning/latest_selected_deep_learning_report.md"
}

=== 2026-06-19T16:38:46 7046756749243616549 ===
objc[71024]: Class AVFFrameReceiver is implemented in both /Users/lao_wu/codexAI/知识库/.venv/lib/python3.12/site-packages/av/.dylibs/libavdevice.62.3.101.dylib (0x109b5c3a8) and /Users/lao_wu/codexAI/知识库/.venv/lib/python3.12/site-packages/cv2/.dylibs/libavdevice.61.3.100.dylib (0x10dc443a8). This may cause spurious casting failures and mysterious crashes. One of the duplicates must be removed or renamed.
objc[71024]: Class AVFAudioReceiver is implemented in both /Users/lao_wu/codexAI/知识库/.venv/lib/python3.12/site-packages/av/.dylibs/libavdevice.62.3.101.dylib (0x109b5c3f8) and /Users/lao_wu/codexAI/知识库/.venv/lib/python3.12/site-packages/cv2/.dylibs/libavdevice.61.3.100.dylib (0x10dc443f8). This may cause spurious casting failures and mysterious crashes. One of the duplicates must be removed or renamed.
{
  "raw_counts": {
    "douyin_contents": 1140,
    "xhs_contents": 15,
    "douyin_comments": 10280,
    "creators": 3,
    "unknown": 0
  },
  "dedupe_stats": {
    "duplicate_source_id": 111,
    "duplicate_text": 25,
    "unique_records": 1019
  },
  "requested": 1,
  "found": 1,
  "learned": 1,
  "skipped": 0,
  "missing": [],
  "video_analysis_requested": 1,
  "selected_cards_dir": "01_Case_Cleaning/video_learning/selected_deep_cards",
  "manifest": "01_Case_Cleaning/video_learning/state/learning_manifest.json",
  "report": "01_Case_Cleaning/video_learning/latest_selected_deep_learning_report.md"
}

=== 2026-06-19T16:47:47 636042183547587875 ===
{
  "raw_counts": {
    "douyin_contents": 1140,
    "xhs_contents": 15,
    "douyin_comments": 10280,
    "creators": 3,
    "unknown": 0
  },
  "dedupe_stats": {
    "duplicate_source_id": 111,
    "duplicate_text": 25,
    "unique_records": 1019
  },
  "requested": 1,
  "found": 0,
  "learned": 0,
  "skipped": 0,
  "missing": [
    "636042183547587875"
  ],
  "video_analysis_requested": 0,
  "selected_cards_dir": "01_Case_Cleaning/video_learning/selected_deep_cards",
  "manifest": "01_Case_Cleaning/video_learning/state/learning_manifest.json",
  "report": "01_Case_Cleaning/video_learning/latest_selected_deep_learning_report.md"
}

=== 2026-06-19T16:48:02 7173673281491307776 ===
objc[88714]: Class AVFFrameReceiver is implemented in both /Users/lao_wu/codexAI/知识库/.venv/lib/python3.12/site-packages/av/.dylibs/libavdevice.62.3.101.dylib (0x10a5583a8) and /Users/lao_wu/codexAI/知识库/.venv/lib/python3.12/site-packages/cv2/.dylibs/libavdevice.61.3.100.dylib (0x10e4e03a8). This may cause spurious casting failures and mysterious crashes. One of the duplicates must be removed or renamed.
objc[88714]: Class AVFAudioReceiver is implemented in both /Users/lao_wu/codexAI/知识库/.venv/lib/python3.12/site-packages/av/.dylibs/libavdevice.62.3.101.dylib (0x10a5583f8) and /Users/lao_wu/codexAI/知识库/.venv/lib/python3.12/site-packages/cv2/.dylibs/libavdevice.61.3.100.dylib (0x10e4e03f8). This may cause spurious casting failures and mysterious crashes. One of the duplicates must be removed or renamed.
{
  "raw_counts": {
    "douyin_contents": 1140,
    "xhs_contents": 15,
    "douyin_comments": 10280,
    "creators": 3,
    "unknown": 0
  },
  "dedupe_stats": {
    "duplicate_source_id": 111,
    "duplicate_text": 25,
    "unique_records": 1019
  },
  "requested": 1,
  "found": 1,
  "learned": 1,
  "skipped": 0,
  "missing": [],
  "video_analysis_requested": 1,
  "selected_cards_dir": "01_Case_Cleaning/video_learning/selected_deep_cards",
  "manifest": "01_Case_Cleaning/video_learning/state/learning_manifest.json",
  "report": "01_Case_Cleaning/video_learning/latest_selected_deep_learning_report.md"
}

=== 2026-06-19T16:50:47 7596338568050593060 ===
objc[93987]: Class AVFFrameReceiver is implemented in both /Users/lao_wu/codexAI/知识库/.venv/lib/python3.12/site-packages/av/.dylibs/libavdevice.62.3.101.dylib (0x10a29c3a8) and /Users/lao_wu/codexAI/知识库/.venv/lib/python3.12/site-packages/cv2/.dylibs/libavdevice.61.3.100.dylib (0x10e3183a8). This may cause spurious casting failures and mysterious crashes. One of the duplicates must be removed or renamed.
objc[93987]: Class AVFAudioReceiver is implemented in both /Users/lao_wu/codexAI/知识库/.venv/lib/python3.12/site-packages/av/.dylibs/libavdevice.62.3.101.dylib (0x10a29c3f8) and /Users/lao_wu/codexAI/知识库/.venv/lib/python3.12/site-packages/cv2/.dylibs/libavdevice.61.3.100.dylib (0x10e3183f8). This may cause spurious casting failures and mysterious crashes. One of the duplicates must be removed or renamed.
{
  "raw_counts": {
    "douyin_contents": 1140,
    "xhs_contents": 15,
    "douyin_comments": 10280,
    "creators": 3,
    "unknown": 0
  },
  "dedupe_stats": {
    "duplicate_source_id": 111,
    "duplicate_text": 25,
    "unique_records": 1019
  },
  "requested": 1,
  "found": 1,
  "learned": 1,
  "skipped": 0,
  "missing": [],
  "video_analysis_requested": 1,
  "selected_cards_dir": "01_Case_Cleaning/video_learning/selected_deep_cards",
  "manifest": "01_Case_Cleaning/video_learning/state/learning_manifest.json",
  "report": "01_Case_Cleaning/video_learning/latest_selected_deep_learning_report.md"
}

=== 2026-06-19T16:54:03 7548090908445609250 ===
objc[761]: Class AVFFrameReceiver is implemented in both /Users/lao_wu/codexAI/知识库/.venv/lib/python3.12/site-packages/av/.dylibs/libavdevice.62.3.101.dylib (0x107e2c3a8) and /Users/lao_wu/codexAI/知识库/.venv/lib/python3.12/site-packages/cv2/.dylibs/libavdevice.61.3.100.dylib (0x10be803a8). This may cause spurious casting failures and mysterious crashes. One of the duplicates must be removed or renamed.
objc[761]: Class AVFAudioReceiver is implemented in both /Users/lao_wu/codexAI/知识库/.venv/lib/python3.12/site-packages/av/.dylibs/libavdevice.62.3.101.dylib (0x107e2c3f8) and /Users/lao_wu/codexAI/知识库/.venv/lib/python3.12/site-packages/cv2/.dylibs/libavdevice.61.3.100.dylib (0x10be803f8). This may cause spurious casting failures and mysterious crashes. One of the duplicates must be removed or renamed.
{
  "raw_counts": {
    "douyin_contents": 1140,
    "xhs_contents": 15,
    "douyin_comments": 10280,
    "creators": 3,
    "unknown": 0
  },
  "dedupe_stats": {
    "duplicate_source_id": 111,
    "duplicate_text": 25,
    "unique_records": 1019
  },
  "requested": 1,
  "found": 1,
  "learned": 1,
  "skipped": 0,
  "missing": [],
  "video_analysis_requested": 1,
  "selected_cards_dir": "01_Case_Cleaning/video_learning/selected_deep_cards",
  "manifest": "01_Case_Cleaning/video_learning/state/learning_manifest.json",
  "report": "01_Case_Cleaning/video_learning/latest_selected_deep_learning_report.md"
}

=== 2026-06-19T16:57:48 233757661416705320 ===
{
  "raw_counts": {
    "douyin_contents": 1140,
    "xhs_contents": 15,
    "douyin_comments": 10280,
    "creators": 3,
    "unknown": 0
  },
  "dedupe_stats": {
    "duplicate_source_id": 111,
    "duplicate_text": 25,
    "unique_records": 1019
  },
  "requested": 1,
  "found": 0,
  "learned": 0,
  "skipped": 0,
  "missing": [
    "233757661416705320"
  ],
  "video_analysis_requested": 0,
  "selected_cards_dir": "01_Case_Cleaning/video_learning/selected_deep_cards",
  "manifest": "01_Case_Cleaning/video_learning/state/learning_manifest.json",
  "report": "01_Case_Cleaning/video_learning/latest_selected_deep_learning_report.md"
}

=== 2026-06-19T16:58:03 7155485852842462495 ===
objc[8783]: Class AVFFrameReceiver is implemented in both /Users/lao_wu/codexAI/知识库/.venv/lib/python3.12/site-packages/av/.dylibs/libavdevice.62.3.101.dylib (0x10a4543a8) and /Users/lao_wu/codexAI/知识库/.venv/lib/python3.12/site-packages/cv2/.dylibs/libavdevice.61.3.100.dylib (0x10e0243a8). This may cause spurious casting failures and mysterious crashes. One of the duplicates must be removed or renamed.
objc[8783]: Class AVFAudioReceiver is implemented in both /Users/lao_wu/codexAI/知识库/.venv/lib/python3.12/site-packages/av/.dylibs/libavdevice.62.3.101.dylib (0x10a4543f8) and /Users/lao_wu/codexAI/知识库/.venv/lib/python3.12/site-packages/cv2/.dylibs/libavdevice.61.3.100.dylib (0x10e0243f8). This may cause spurious casting failures and mysterious crashes. One of the duplicates must be removed or renamed.
{
  "raw_counts": {
    "douyin_contents": 1140,
    "xhs_contents": 15,
    "douyin_comments": 10280,
    "creators": 3,
    "unknown": 0
  },
  "dedupe_stats": {
    "duplicate_source_id": 111,
    "duplicate_text": 25,
    "unique_records": 1019
  },
  "requested": 1,
  "found": 1,
  "learned": 1,
  "skipped": 0,
  "missing": [],
  "video_analysis_requested": 1,
  "selected_cards_dir": "01_Case_Cleaning/video_learning/selected_deep_cards",
  "manifest": "01_Case_Cleaning/video_learning/state/learning_manifest.json",
  "report": "01_Case_Cleaning/video_learning/latest_selected_deep_learning_report.md"
}

=== 2026-06-19T17:01:49 7637158369555451187 ===
objc[16083]: Class AVFFrameReceiver is implemented in both /Users/lao_wu/codexAI/知识库/.venv/lib/python3.12/site-packages/av/.dylibs/libavdevice.62.3.101.dylib (0x109d0c3a8) and /Users/lao_wu/codexAI/知识库/.venv/lib/python3.12/site-packages/cv2/.dylibs/libavdevice.61.3.100.dylib (0x10dd7c3a8). This may cause spurious casting failures and mysterious crashes. One of the duplicates must be removed or renamed.
objc[16083]: Class AVFAudioReceiver is implemented in both /Users/lao_wu/codexAI/知识库/.venv/lib/python3.12/site-packages/av/.dylibs/libavdevice.62.3.101.dylib (0x109d0c3f8) and /Users/lao_wu/codexAI/知识库/.venv/lib/python3.12/site-packages/cv2/.dylibs/libavdevice.61.3.100.dylib (0x10dd7c3f8). This may cause spurious casting failures and mysterious crashes. One of the duplicates must be removed or renamed.
{
  "raw_counts": {
    "douyin_contents": 1140,
    "xhs_contents": 15,
    "douyin_comments": 10280,
    "creators": 3,
    "unknown": 0
  },
  "dedupe_stats": {
    "duplicate_source_id": 111,
    "duplicate_text": 25,
    "unique_records": 1019
  },
  "requested": 1,
  "found": 1,
  "learned": 1,
  "skipped": 0,
  "missing": [],
  "video_analysis_requested": 1,
  "selected_cards_dir": "01_Case_Cleaning/video_learning/selected_deep_cards",
  "manifest": "01_Case_Cleaning/video_learning/state/learning_manifest.json",
  "report": "01_Case_Cleaning/video_learning/latest_selected_deep_learning_report.md"
}

=== 2026-06-19T17:05:19 7185541439814651194 ===
objc[22888]: Class AVFFrameReceiver is implemented in both /Users/lao_wu/codexAI/知识库/.venv/lib/python3.12/site-packages/av/.dylibs/libavdevice.62.3.101.dylib (0x109f583a8) and /Users/lao_wu/codexAI/知识库/.venv/lib/python3.12/site-packages/cv2/.dylibs/libavdevice.61.3.100.dylib (0x10db283a8). This may cause spurious casting failures and mysterious crashes. One of the duplicates must be removed or renamed.
objc[22888]: Class AVFAudioReceiver is implemented in both /Users/lao_wu/codexAI/知识库/.venv/lib/python3.12/site-packages/av/.dylibs/libavdevice.62.3.101.dylib (0x109f583f8) and /Users/lao_wu/codexAI/知识库/.venv/lib/python3.12/site-packages/cv2/.dylibs/libavdevice.61.3.100.dylib (0x10db283f8). This may cause spurious casting failures and mysterious crashes. One of the duplicates must be removed or renamed.
{
  "raw_counts": {
    "douyin_contents": 1140,
    "xhs_contents": 15,
    "douyin_comments": 10280,
    "creators": 3,
    "unknown": 0
  },
  "dedupe_stats": {
    "duplicate_source_id": 111,
    "duplicate_text": 25,
    "unique_records": 1019
  },
  "requested": 1,
  "found": 1,
  "learned": 1,
  "skipped": 0,
  "missing": [],
  "video_analysis_requested": 1,
  "selected_cards_dir": "01_Case_Cleaning/video_learning/selected_deep_cards",
  "manifest": "01_Case_Cleaning/video_learning/state/learning_manifest.json",
  "report": "01_Case_Cleaning/video_learning/latest_selected_deep_learning_report.md"
}

=== 2026-06-19T17:11:05 7146196887958195487 ===
objc[33926]: Class AVFFrameReceiver is implemented in both /Users/lao_wu/codexAI/知识库/.venv/lib/python3.12/site-packages/av/.dylibs/libavdevice.62.3.101.dylib (0x10a0403a8) and /Users/lao_wu/codexAI/知识库/.venv/lib/python3.12/site-packages/cv2/.dylibs/libavdevice.61.3.100.dylib (0x10e0cc3a8). This may cause spurious casting failures and mysterious crashes. One of the duplicates must be removed or renamed.
objc[33926]: Class AVFAudioReceiver is implemented in both /Users/lao_wu/codexAI/知识库/.venv/lib/python3.12/site-packages/av/.dylibs/libavdevice.62.3.101.dylib (0x10a0403f8) and /Users/lao_wu/codexAI/知识库/.venv/lib/python3.12/site-packages/cv2/.dylibs/libavdevice.61.3.100.dylib (0x10e0cc3f8). This may cause spurious casting failures and mysterious crashes. One of the duplicates must be removed or renamed.
{
  "raw_counts": {
    "douyin_contents": 1140,
    "xhs_contents": 15,
    "douyin_comments": 10280,
    "creators": 3,
    "unknown": 0
  },
  "dedupe_stats": {
    "duplicate_source_id": 111,
    "duplicate_text": 25,
    "unique_records": 1019
  },
  "requested": 1,
  "found": 1,
  "learned": 1,
  "skipped": 0,
  "missing": [],
  "video_analysis_requested": 1,
  "selected_cards_dir": "01_Case_Cleaning/video_learning/selected_deep_cards",
  "manifest": "01_Case_Cleaning/video_learning/state/learning_manifest.json",
  "report": "01_Case_Cleaning/video_learning/latest_selected_deep_learning_report.md"
}

=== 2026-06-19T17:13:20 7615244850891345158 ===
objc[38358]: Class AVFFrameReceiver is implemented in both /Users/lao_wu/codexAI/知识库/.venv/lib/python3.12/site-packages/av/.dylibs/libavdevice.62.3.101.dylib (0x1067283a8) and /Users/lao_wu/codexAI/知识库/.venv/lib/python3.12/site-packages/cv2/.dylibs/libavdevice.61.3.100.dylib (0x10a6b03a8). This may cause spurious casting failures and mysterious crashes. One of the duplicates must be removed or renamed.
objc[38358]: Class AVFAudioReceiver is implemented in both /Users/lao_wu/codexAI/知识库/.venv/lib/python3.12/site-packages/av/.dylibs/libavdevice.62.3.101.dylib (0x1067283f8) and /Users/lao_wu/codexAI/知识库/.venv/lib/python3.12/site-packages/cv2/.dylibs/libavdevice.61.3.100.dylib (0x10a6b03f8). This may cause spurious casting failures and mysterious crashes. One of the duplicates must be removed or renamed.
{
  "raw_counts": {
    "douyin_contents": 1140,
    "xhs_contents": 15,
    "douyin_comments": 10280,
    "creators": 3,
    "unknown": 0
  },
  "dedupe_stats": {
    "duplicate_source_id": 111,
    "duplicate_text": 25,
    "unique_records": 1019
  },
  "requested": 1,
  "found": 1,
  "learned": 1,
  "skipped": 0,
  "missing": [],
  "video_analysis_requested": 1,
  "selected_cards_dir": "01_Case_Cleaning/video_learning/selected_deep_cards",
  "manifest": "01_Case_Cleaning/video_learning/state/learning_manifest.json",
  "report": "01_Case_Cleaning/video_learning/latest_selected_deep_learning_report.md"
}

=== 2026-06-19T17:16:35 7579257801478786319 ===
objc[44653]: Class AVFFrameReceiver is implemented in both /Users/lao_wu/codexAI/知识库/.venv/lib/python3.12/site-packages/av/.dylibs/libavdevice.62.3.101.dylib (0x109f003a8) and /Users/lao_wu/codexAI/知识库/.venv/lib/python3.12/site-packages/cv2/.dylibs/libavdevice.61.3.100.dylib (0x10df583a8). This may cause spurious casting failures and mysterious crashes. One of the duplicates must be removed or renamed.
objc[44653]: Class AVFAudioReceiver is implemented in both /Users/lao_wu/codexAI/知识库/.venv/lib/python3.12/site-packages/av/.dylibs/libavdevice.62.3.101.dylib (0x109f003f8) and /Users/lao_wu/codexAI/知识库/.venv/lib/python3.12/site-packages/cv2/.dylibs/libavdevice.61.3.100.dylib (0x10df583f8). This may cause spurious casting failures and mysterious crashes. One of the duplicates must be removed or renamed.
{
  "raw_counts": {
    "douyin_contents": 1140,
    "xhs_contents": 15,
    "douyin_comments": 10280,
    "creators": 3,
    "unknown": 0
  },
  "dedupe_stats": {
    "duplicate_source_id": 111,
    "duplicate_text": 25,
    "unique_records": 1019
  },
  "requested": 1,
  "found": 1,
  "learned": 1,
  "skipped": 0,
  "missing": [],
  "video_analysis_requested": 1,
  "selected_cards_dir": "01_Case_Cleaning/video_learning/selected_deep_cards",
  "manifest": "01_Case_Cleaning/video_learning/state/learning_manifest.json",
  "report": "01_Case_Cleaning/video_learning/latest_selected_deep_learning_report.md"
}

=== 2026-06-19T17:20:20 7592259516792622399 ===
objc[51949]: Class AVFFrameReceiver is implemented in both /Users/lao_wu/codexAI/知识库/.venv/lib/python3.12/site-packages/av/.dylibs/libavdevice.62.3.101.dylib (0x1060803a8) and /Users/lao_wu/codexAI/知识库/.venv/lib/python3.12/site-packages/cv2/.dylibs/libavdevice.61.3.100.dylib (0x10a0e43a8). This may cause spurious casting failures and mysterious crashes. One of the duplicates must be removed or renamed.
objc[51949]: Class AVFAudioReceiver is implemented in both /Users/lao_wu/codexAI/知识库/.venv/lib/python3.12/site-packages/av/.dylibs/libavdevice.62.3.101.dylib (0x1060803f8) and /Users/lao_wu/codexAI/知识库/.venv/lib/python3.12/site-packages/cv2/.dylibs/libavdevice.61.3.100.dylib (0x10a0e43f8). This may cause spurious casting failures and mysterious crashes. One of the duplicates must be removed or renamed.
{
  "raw_counts": {
    "douyin_contents": 1140,
    "xhs_contents": 15,
    "douyin_comments": 10280,
    "creators": 3,
    "unknown": 0
  },
  "dedupe_stats": {
    "duplicate_source_id": 111,
    "duplicate_text": 25,
    "unique_records": 1019
  },
  "requested": 1,
  "found": 1,
  "learned": 1,
  "skipped": 0,
  "missing": [],
  "video_analysis_requested": 1,
  "selected_cards_dir": "01_Case_Cleaning/video_learning/selected_deep_cards",
  "manifest": "01_Case_Cleaning/video_learning/state/learning_manifest.json",
  "report": "01_Case_Cleaning/video_learning/latest_selected_deep_learning_report.md"
}

=== 2026-06-19T17:25:06 594110311276219686 ===
{
  "raw_counts": {
    "douyin_contents": 1140,
    "xhs_contents": 15,
    "douyin_comments": 10280,
    "creators": 3,
    "unknown": 0
  },
  "dedupe_stats": {
    "duplicate_source_id": 111,
    "duplicate_text": 25,
    "unique_records": 1019
  },
  "requested": 1,
  "found": 0,
  "learned": 0,
  "skipped": 0,
  "missing": [
    "594110311276219686"
  ],
  "video_analysis_requested": 0,
  "selected_cards_dir": "01_Case_Cleaning/video_learning/selected_deep_cards",
  "manifest": "01_Case_Cleaning/video_learning/state/learning_manifest.json",
  "report": "01_Case_Cleaning/video_learning/latest_selected_deep_learning_report.md"
}

=== 2026-06-19T17:25:21 7634940154272156947 ===
objc[61603]: Class AVFFrameReceiver is implemented in both /Users/lao_wu/codexAI/知识库/.venv/lib/python3.12/site-packages/av/.dylibs/libavdevice.62.3.101.dylib (0x107ea03a8) and /Users/lao_wu/codexAI/知识库/.venv/lib/python3.12/site-packages/cv2/.dylibs/libavdevice.61.3.100.dylib (0x10bf143a8). This may cause spurious casting failures and mysterious crashes. One of the duplicates must be removed or renamed.
objc[61603]: Class AVFAudioReceiver is implemented in both /Users/lao_wu/codexAI/知识库/.venv/lib/python3.12/site-packages/av/.dylibs/libavdevice.62.3.101.dylib (0x107ea03f8) and /Users/lao_wu/codexAI/知识库/.venv/lib/python3.12/site-packages/cv2/.dylibs/libavdevice.61.3.100.dylib (0x10bf143f8). This may cause spurious casting failures and mysterious crashes. One of the duplicates must be removed or renamed.
{
  "raw_counts": {
    "douyin_contents": 1140,
    "xhs_contents": 15,
    "douyin_comments": 10280,
    "creators": 3,
    "unknown": 0
  },
  "dedupe_stats": {
    "duplicate_source_id": 111,
    "duplicate_text": 25,
    "unique_records": 1019
  },
  "requested": 1,
  "found": 1,
  "learned": 1,
  "skipped": 0,
  "missing": [],
  "video_analysis_requested": 1,
  "selected_cards_dir": "01_Case_Cleaning/video_learning/selected_deep_cards",
  "manifest": "01_Case_Cleaning/video_learning/state/learning_manifest.json",
  "report": "01_Case_Cleaning/video_learning/latest_selected_deep_learning_report.md"
}

=== 2026-06-19T17:28:36 7634543338351250740 ===
objc[67938]: Class AVFFrameReceiver is implemented in both /Users/lao_wu/codexAI/知识库/.venv/lib/python3.12/site-packages/av/.dylibs/libavdevice.62.3.101.dylib (0x108b703a8) and /Users/lao_wu/codexAI/知识库/.venv/lib/python3.12/site-packages/cv2/.dylibs/libavdevice.61.3.100.dylib (0x10c4583a8). This may cause spurious casting failures and mysterious crashes. One of the duplicates must be removed or renamed.
objc[67938]: Class AVFAudioReceiver is implemented in both /Users/lao_wu/codexAI/知识库/.venv/lib/python3.12/site-packages/av/.dylibs/libavdevice.62.3.101.dylib (0x108b703f8) and /Users/lao_wu/codexAI/知识库/.venv/lib/python3.12/site-packages/cv2/.dylibs/libavdevice.61.3.100.dylib (0x10c4583f8). This may cause spurious casting failures and mysterious crashes. One of the duplicates must be removed or renamed.
{
  "raw_counts": {
    "douyin_contents": 1140,
    "xhs_contents": 15,
    "douyin_comments": 10280,
    "creators": 3,
    "unknown": 0
  },
  "dedupe_stats": {
    "duplicate_source_id": 111,
    "duplicate_text": 25,
    "unique_records": 1019
  },
  "requested": 1,
  "found": 1,
  "learned": 1,
  "skipped": 0,
  "missing": [],
  "video_analysis_requested": 1,
  "selected_cards_dir": "01_Case_Cleaning/video_learning/selected_deep_cards",
  "manifest": "01_Case_Cleaning/video_learning/state/learning_manifest.json",
  "report": "01_Case_Cleaning/video_learning/latest_selected_deep_learning_report.md"
}

=== 2026-06-19T17:32:07 7641608326068948260 ===
objc[74718]: Class AVFFrameReceiver is implemented in both /Users/lao_wu/codexAI/知识库/.venv/lib/python3.12/site-packages/av/.dylibs/libavdevice.62.3.101.dylib (0x10a3b43a8) and /Users/lao_wu/codexAI/知识库/.venv/lib/python3.12/site-packages/cv2/.dylibs/libavdevice.61.3.100.dylib (0x10e41c3a8). This may cause spurious casting failures and mysterious crashes. One of the duplicates must be removed or renamed.
objc[74718]: Class AVFAudioReceiver is implemented in both /Users/lao_wu/codexAI/知识库/.venv/lib/python3.12/site-packages/av/.dylibs/libavdevice.62.3.101.dylib (0x10a3b43f8) and /Users/lao_wu/codexAI/知识库/.venv/lib/python3.12/site-packages/cv2/.dylibs/libavdevice.61.3.100.dylib (0x10e41c3f8). This may cause spurious casting failures and mysterious crashes. One of the duplicates must be removed or renamed.
{
  "raw_counts": {
    "douyin_contents": 1140,
    "xhs_contents": 15,
    "douyin_comments": 10280,
    "creators": 3,
    "unknown": 0
  },
  "dedupe_stats": {
    "duplicate_source_id": 111,
    "duplicate_text": 25,
    "unique_records": 1019
  },
  "requested": 1,
  "found": 1,
  "learned": 1,
  "skipped": 0,
  "missing": [],
  "video_analysis_requested": 1,
  "selected_cards_dir": "01_Case_Cleaning/video_learning/selected_deep_cards",
  "manifest": "01_Case_Cleaning/video_learning/state/learning_manifest.json",
  "report": "01_Case_Cleaning/video_learning/latest_selected_deep_learning_report.md"
}

=== 2026-06-19T17:35:22 7637536206296747315 ===
objc[81051]: Class AVFFrameReceiver is implemented in both /Users/lao_wu/codexAI/知识库/.venv/lib/python3.12/site-packages/av/.dylibs/libavdevice.62.3.101.dylib (0x107b8c3a8) and /Users/lao_wu/codexAI/知识库/.venv/lib/python3.12/site-packages/cv2/.dylibs/libavdevice.61.3.100.dylib (0x10bc183a8). This may cause spurious casting failures and mysterious crashes. One of the duplicates must be removed or renamed.
objc[81051]: Class AVFAudioReceiver is implemented in both /Users/lao_wu/codexAI/知识库/.venv/lib/python3.12/site-packages/av/.dylibs/libavdevice.62.3.101.dylib (0x107b8c3f8) and /Users/lao_wu/codexAI/知识库/.venv/lib/python3.12/site-packages/cv2/.dylibs/libavdevice.61.3.100.dylib (0x10bc183f8). This may cause spurious casting failures and mysterious crashes. One of the duplicates must be removed or renamed.
{
  "raw_counts": {
    "douyin_contents": 1140,
    "xhs_contents": 15,
    "douyin_comments": 10280,
    "creators": 3,
    "unknown": 0
  },
  "dedupe_stats": {
    "duplicate_source_id": 111,
    "duplicate_text": 25,
    "unique_records": 1019
  },
  "requested": 1,
  "found": 1,
  "learned": 1,
  "skipped": 0,
  "missing": [],
  "video_analysis_requested": 1,
  "selected_cards_dir": "01_Case_Cleaning/video_learning/selected_deep_cards",
  "manifest": "01_Case_Cleaning/video_learning/state/learning_manifest.json",
  "report": "01_Case_Cleaning/video_learning/latest_selected_deep_learning_report.md"
}

=== 2026-06-19T17:38:22 7571846145677249830 ===
objc[86900]: Class AVFFrameReceiver is implemented in both /Users/lao_wu/codexAI/知识库/.venv/lib/python3.12/site-packages/av/.dylibs/libavdevice.62.3.101.dylib (0x1086303a8) and /Users/lao_wu/codexAI/知识库/.venv/lib/python3.12/site-packages/cv2/.dylibs/libavdevice.61.3.100.dylib (0x10c6ac3a8). This may cause spurious casting failures and mysterious crashes. One of the duplicates must be removed or renamed.
objc[86900]: Class AVFAudioReceiver is implemented in both /Users/lao_wu/codexAI/知识库/.venv/lib/python3.12/site-packages/av/.dylibs/libavdevice.62.3.101.dylib (0x1086303f8) and /Users/lao_wu/codexAI/知识库/.venv/lib/python3.12/site-packages/cv2/.dylibs/libavdevice.61.3.100.dylib (0x10c6ac3f8). This may cause spurious casting failures and mysterious crashes. One of the duplicates must be removed or renamed.
{
  "raw_counts": {
    "douyin_contents": 1140,
    "xhs_contents": 15,
    "douyin_comments": 10280,
    "creators": 3,
    "unknown": 0
  },
  "dedupe_stats": {
    "duplicate_source_id": 111,
    "duplicate_text": 25,
    "unique_records": 1019
  },
  "requested": 1,
  "found": 1,
  "learned": 1,
  "skipped": 0,
  "missing": [],
  "video_analysis_requested": 1,
  "selected_cards_dir": "01_Case_Cleaning/video_learning/selected_deep_cards",
  "manifest": "01_Case_Cleaning/video_learning/state/learning_manifest.json",
  "report": "01_Case_Cleaning/video_learning/latest_selected_deep_learning_report.md"
}

=== 2026-06-19T17:44:08 569249171526536474 ===
{
  "raw_counts": {
    "douyin_contents": 1140,
    "xhs_contents": 15,
    "douyin_comments": 10280,
    "creators": 3,
    "unknown": 0
  },
  "dedupe_stats": {
    "duplicate_source_id": 111,
    "duplicate_text": 25,
    "unique_records": 1019
  },
  "requested": 1,
  "found": 0,
  "learned": 0,
  "skipped": 0,
  "missing": [
    "569249171526536474"
  ],
  "video_analysis_requested": 0,
  "selected_cards_dir": "01_Case_Cleaning/video_learning/selected_deep_cards",
  "manifest": "01_Case_Cleaning/video_learning/state/learning_manifest.json",
  "report": "01_Case_Cleaning/video_learning/latest_selected_deep_learning_report.md"
}

=== 2026-06-19T17:44:23 7574452831827053876 ===
objc[98525]: Class AVFFrameReceiver is implemented in both /Users/lao_wu/codexAI/知识库/.venv/lib/python3.12/site-packages/av/.dylibs/libavdevice.62.3.101.dylib (0x10a1603a8) and /Users/lao_wu/codexAI/知识库/.venv/lib/python3.12/site-packages/cv2/.dylibs/libavdevice.61.3.100.dylib (0x10e0dc3a8). This may cause spurious casting failures and mysterious crashes. One of the duplicates must be removed or renamed.
objc[98525]: Class AVFAudioReceiver is implemented in both /Users/lao_wu/codexAI/知识库/.venv/lib/python3.12/site-packages/av/.dylibs/libavdevice.62.3.101.dylib (0x10a1603f8) and /Users/lao_wu/codexAI/知识库/.venv/lib/python3.12/site-packages/cv2/.dylibs/libavdevice.61.3.100.dylib (0x10e0dc3f8). This may cause spurious casting failures and mysterious crashes. One of the duplicates must be removed or renamed.
{
  "raw_counts": {
    "douyin_contents": 1140,
    "xhs_contents": 15,
    "douyin_comments": 10280,
    "creators": 3,
    "unknown": 0
  },
  "dedupe_stats": {
    "duplicate_source_id": 111,
    "duplicate_text": 25,
    "unique_records": 1019
  },
  "requested": 1,
  "found": 1,
  "learned": 1,
  "skipped": 0,
  "missing": [],
  "video_analysis_requested": 1,
  "selected_cards_dir": "01_Case_Cleaning/video_learning/selected_deep_cards",
  "manifest": "01_Case_Cleaning/video_learning/state/learning_manifest.json",
  "report": "01_Case_Cleaning/video_learning/latest_selected_deep_learning_report.md"
}

=== 2026-06-19T17:52:54 7525084574431317286 ===
objc[15380]: Class AVFFrameReceiver is implemented in both /Users/lao_wu/codexAI/知识库/.venv/lib/python3.12/site-packages/av/.dylibs/libavdevice.62.3.101.dylib (0x10852c3a8) and /Users/lao_wu/codexAI/知识库/.venv/lib/python3.12/site-packages/cv2/.dylibs/libavdevice.61.3.100.dylib (0x10c59c3a8). This may cause spurious casting failures and mysterious crashes. One of the duplicates must be removed or renamed.
objc[15380]: Class AVFAudioReceiver is implemented in both /Users/lao_wu/codexAI/知识库/.venv/lib/python3.12/site-packages/av/.dylibs/libavdevice.62.3.101.dylib (0x10852c3f8) and /Users/lao_wu/codexAI/知识库/.venv/lib/python3.12/site-packages/cv2/.dylibs/libavdevice.61.3.100.dylib (0x10c59c3f8). This may cause spurious casting failures and mysterious crashes. One of the duplicates must be removed or renamed.
{
  "raw_counts": {
    "douyin_contents": 1140,
    "xhs_contents": 15,
    "douyin_comments": 10280,
    "creators": 3,
    "unknown": 0
  },
  "dedupe_stats": {
    "duplicate_source_id": 111,
    "duplicate_text": 25,
    "unique_records": 1019
  },
  "requested": 1,
  "found": 1,
  "learned": 1,
  "skipped": 0,
  "missing": [],
  "video_analysis_requested": 1,
  "selected_cards_dir": "01_Case_Cleaning/video_learning/selected_deep_cards",
  "manifest": "01_Case_Cleaning/video_learning/state/learning_manifest.json",
  "report": "01_Case_Cleaning/video_learning/latest_selected_deep_learning_report.md"
}

=== 2026-06-19T17:56:24 556253638943853867 ===
{
  "raw_counts": {
    "douyin_contents": 1140,
    "xhs_contents": 15,
    "douyin_comments": 10280,
    "creators": 3,
    "unknown": 0
  },
  "dedupe_stats": {
    "duplicate_source_id": 111,
    "duplicate_text": 25,
    "unique_records": 1019
  },
  "requested": 1,
  "found": 0,
  "learned": 0,
  "skipped": 0,
  "missing": [
    "556253638943853867"
  ],
  "video_analysis_requested": 0,
  "selected_cards_dir": "01_Case_Cleaning/video_learning/selected_deep_cards",
  "manifest": "01_Case_Cleaning/video_learning/state/learning_manifest.json",
  "report": "01_Case_Cleaning/video_learning/latest_selected_deep_learning_report.md"
}

=== 2026-06-19T17:56:39 7542519534188645683 ===
objc[22748]: Class AVFFrameReceiver is implemented in both /Users/lao_wu/codexAI/知识库/.venv/lib/python3.12/site-packages/av/.dylibs/libavdevice.62.3.101.dylib (0x1066483a8) and /Users/lao_wu/codexAI/知识库/.venv/lib/python3.12/site-packages/cv2/.dylibs/libavdevice.61.3.100.dylib (0x10a74c3a8). This may cause spurious casting failures and mysterious crashes. One of the duplicates must be removed or renamed.
objc[22748]: Class AVFAudioReceiver is implemented in both /Users/lao_wu/codexAI/知识库/.venv/lib/python3.12/site-packages/av/.dylibs/libavdevice.62.3.101.dylib (0x1066483f8) and /Users/lao_wu/codexAI/知识库/.venv/lib/python3.12/site-packages/cv2/.dylibs/libavdevice.61.3.100.dylib (0x10a74c3f8). This may cause spurious casting failures and mysterious crashes. One of the duplicates must be removed or renamed.
{
  "raw_counts": {
    "douyin_contents": 1140,
    "xhs_contents": 15,
    "douyin_comments": 10280,
    "creators": 3,
    "unknown": 0
  },
  "dedupe_stats": {
    "duplicate_source_id": 111,
    "duplicate_text": 25,
    "unique_records": 1019
  },
  "requested": 1,
  "found": 1,
  "learned": 1,
  "skipped": 0,
  "missing": [],
  "video_analysis_requested": 1,
  "selected_cards_dir": "01_Case_Cleaning/video_learning/selected_deep_cards",
  "manifest": "01_Case_Cleaning/video_learning/state/learning_manifest.json",
  "report": "01_Case_Cleaning/video_learning/latest_selected_deep_learning_report.md"
}

=== 2026-06-19T17:59:40 7537695497272790282 ===
objc[28591]: Class AVFFrameReceiver is implemented in both /Users/lao_wu/codexAI/知识库/.venv/lib/python3.12/site-packages/av/.dylibs/libavdevice.62.3.101.dylib (0x10a7603a8) and /Users/lao_wu/codexAI/知识库/.venv/lib/python3.12/site-packages/cv2/.dylibs/libavdevice.61.3.100.dylib (0x10e6e83a8). This may cause spurious casting failures and mysterious crashes. One of the duplicates must be removed or renamed.
objc[28591]: Class AVFAudioReceiver is implemented in both /Users/lao_wu/codexAI/知识库/.venv/lib/python3.12/site-packages/av/.dylibs/libavdevice.62.3.101.dylib (0x10a7603f8) and /Users/lao_wu/codexAI/知识库/.venv/lib/python3.12/site-packages/cv2/.dylibs/libavdevice.61.3.100.dylib (0x10e6e83f8). This may cause spurious casting failures and mysterious crashes. One of the duplicates must be removed or renamed.
{
  "raw_counts": {
    "douyin_contents": 1140,
    "xhs_contents": 15,
    "douyin_comments": 10280,
    "creators": 3,
    "unknown": 0
  },
  "dedupe_stats": {
    "duplicate_source_id": 111,
    "duplicate_text": 25,
    "unique_records": 1019
  },
  "requested": 1,
  "found": 1,
  "learned": 1,
  "skipped": 0,
  "missing": [],
  "video_analysis_requested": 1,
  "selected_cards_dir": "01_Case_Cleaning/video_learning/selected_deep_cards",
  "manifest": "01_Case_Cleaning/video_learning/state/learning_manifest.json",
  "report": "01_Case_Cleaning/video_learning/latest_selected_deep_learning_report.md"
}

=== 2026-06-19T18:04:55 7207763764735741218 ===
objc[38679]: Class AVFFrameReceiver is implemented in both /Users/lao_wu/codexAI/知识库/.venv/lib/python3.12/site-packages/av/.dylibs/libavdevice.62.3.101.dylib (0x109f5c3a8) and /Users/lao_wu/codexAI/知识库/.venv/lib/python3.12/site-packages/cv2/.dylibs/libavdevice.61.3.100.dylib (0x10d84c3a8). This may cause spurious casting failures and mysterious crashes. One of the duplicates must be removed or renamed.
objc[38679]: Class AVFAudioReceiver is implemented in both /Users/lao_wu/codexAI/知识库/.venv/lib/python3.12/site-packages/av/.dylibs/libavdevice.62.3.101.dylib (0x109f5c3f8) and /Users/lao_wu/codexAI/知识库/.venv/lib/python3.12/site-packages/cv2/.dylibs/libavdevice.61.3.100.dylib (0x10d84c3f8). This may cause spurious casting failures and mysterious crashes. One of the duplicates must be removed or renamed.
{
  "raw_counts": {
    "douyin_contents": 1140,
    "xhs_contents": 15,
    "douyin_comments": 10280,
    "creators": 3,
    "unknown": 0
  },
  "dedupe_stats": {
    "duplicate_source_id": 111,
    "duplicate_text": 25,
    "unique_records": 1019
  },
  "requested": 1,
  "found": 1,
  "learned": 1,
  "skipped": 0,
  "missing": [],
  "video_analysis_requested": 1,
  "selected_cards_dir": "01_Case_Cleaning/video_learning/selected_deep_cards",
  "manifest": "01_Case_Cleaning/video_learning/state/learning_manifest.json",
  "report": "01_Case_Cleaning/video_learning/latest_selected_deep_learning_report.md"
}

=== 2026-06-19T18:07:40 7639005685547568399 ===
objc[46101]: Class AVFFrameReceiver is implemented in both /Users/lao_wu/codexAI/知识库/.venv/lib/python3.12/site-packages/av/.dylibs/libavdevice.62.3.101.dylib (0x107ecc3a8) and /Users/lao_wu/codexAI/知识库/.venv/lib/python3.12/site-packages/cv2/.dylibs/libavdevice.61.3.100.dylib (0x10ba9c3a8). This may cause spurious casting failures and mysterious crashes. One of the duplicates must be removed or renamed.
objc[46101]: Class AVFAudioReceiver is implemented in both /Users/lao_wu/codexAI/知识库/.venv/lib/python3.12/site-packages/av/.dylibs/libavdevice.62.3.101.dylib (0x107ecc3f8) and /Users/lao_wu/codexAI/知识库/.venv/lib/python3.12/site-packages/cv2/.dylibs/libavdevice.61.3.100.dylib (0x10ba9c3f8). This may cause spurious casting failures and mysterious crashes. One of the duplicates must be removed or renamed.
{
  "raw_counts": {
    "douyin_contents": 1140,
    "xhs_contents": 15,
    "douyin_comments": 10280,
    "creators": 3,
    "unknown": 0
  },
  "dedupe_stats": {
    "duplicate_source_id": 111,
    "duplicate_text": 25,
    "unique_records": 1019
  },
  "requested": 1,
  "found": 1,
  "learned": 1,
  "skipped": 0,
  "missing": [],
  "video_analysis_requested": 1,
  "selected_cards_dir": "01_Case_Cleaning/video_learning/selected_deep_cards",
  "manifest": "01_Case_Cleaning/video_learning/state/learning_manifest.json",
  "report": "01_Case_Cleaning/video_learning/latest_selected_deep_learning_report.md"
}

=== 2026-06-19T18:10:11 545859136433573170 ===
{
  "raw_counts": {
    "douyin_contents": 1140,
    "xhs_contents": 15,
    "douyin_comments": 10280,
    "creators": 3,
    "unknown": 0
  },
  "dedupe_stats": {
    "duplicate_source_id": 111,
    "duplicate_text": 25,
    "unique_records": 1019
  },
  "requested": 1,
  "found": 0,
  "learned": 0,
  "skipped": 0,
  "missing": [
    "545859136433573170"
  ],
  "video_analysis_requested": 0,
  "selected_cards_dir": "01_Case_Cleaning/video_learning/selected_deep_cards",
  "manifest": "01_Case_Cleaning/video_learning/state/learning_manifest.json",
  "report": "01_Case_Cleaning/video_learning/latest_selected_deep_learning_report.md"
}

=== 2026-06-19T18:10:26 7218526700215340340 ===
objc[47875]: Class AVFFrameReceiver is implemented in both /Users/lao_wu/codexAI/知识库/.venv/lib/python3.12/site-packages/av/.dylibs/libavdevice.62.3.101.dylib (0x1085903a8) and /Users/lao_wu/codexAI/知识库/.venv/lib/python3.12/site-packages/cv2/.dylibs/libavdevice.61.3.100.dylib (0x10c6303a8). This may cause spurious casting failures and mysterious crashes. One of the duplicates must be removed or renamed.
objc[47875]: Class AVFAudioReceiver is implemented in both /Users/lao_wu/codexAI/知识库/.venv/lib/python3.12/site-packages/av/.dylibs/libavdevice.62.3.101.dylib (0x1085903f8) and /Users/lao_wu/codexAI/知识库/.venv/lib/python3.12/site-packages/cv2/.dylibs/libavdevice.61.3.100.dylib (0x10c6303f8). This may cause spurious casting failures and mysterious crashes. One of the duplicates must be removed or renamed.
{
  "raw_counts": {
    "douyin_contents": 1140,
    "xhs_contents": 15,
    "douyin_comments": 10280,
    "creators": 3,
    "unknown": 0
  },
  "dedupe_stats": {
    "duplicate_source_id": 111,
    "duplicate_text": 25,
    "unique_records": 1019
  },
  "requested": 1,
  "found": 1,
  "learned": 1,
  "skipped": 0,
  "missing": [],
  "video_analysis_requested": 1,
  "selected_cards_dir": "01_Case_Cleaning/video_learning/selected_deep_cards",
  "manifest": "01_Case_Cleaning/video_learning/state/learning_manifest.json",
  "report": "01_Case_Cleaning/video_learning/latest_selected_deep_learning_report.md"
}

=== 2026-06-19T18:10:41 7172181768240483618 ===
objc[48045]: Class AVFFrameReceiver is implemented in both /Users/lao_wu/codexAI/知识库/.venv/lib/python3.12/site-packages/av/.dylibs/libavdevice.62.3.101.dylib (0x107e143a8) and /Users/lao_wu/codexAI/知识库/.venv/lib/python3.12/site-packages/cv2/.dylibs/libavdevice.61.3.100.dylib (0x10b7043a8). This may cause spurious casting failures and mysterious crashes. One of the duplicates must be removed or renamed.
objc[48045]: Class AVFAudioReceiver is implemented in both /Users/lao_wu/codexAI/知识库/.venv/lib/python3.12/site-packages/av/.dylibs/libavdevice.62.3.101.dylib (0x107e143f8) and /Users/lao_wu/codexAI/知识库/.venv/lib/python3.12/site-packages/cv2/.dylibs/libavdevice.61.3.100.dylib (0x10b7043f8). This may cause spurious casting failures and mysterious crashes. One of the duplicates must be removed or renamed.
{
  "raw_counts": {
    "douyin_contents": 1140,
    "xhs_contents": 15,
    "douyin_comments": 10280,
    "creators": 3,
    "unknown": 0
  },
  "dedupe_stats": {
    "duplicate_source_id": 111,
    "duplicate_text": 25,
    "unique_records": 1019
  },
  "requested": 1,
  "found": 1,
  "learned": 1,
  "skipped": 0,
  "missing": [],
  "video_analysis_requested": 1,
  "selected_cards_dir": "01_Case_Cleaning/video_learning/selected_deep_cards",
  "manifest": "01_Case_Cleaning/video_learning/state/learning_manifest.json",
  "report": "01_Case_Cleaning/video_learning/latest_selected_deep_learning_report.md"
}

=== 2026-06-19T18:10:56 7603767561850735935 ===
objc[48156]: Class AVFFrameReceiver is implemented in both /Users/lao_wu/codexAI/知识库/.venv/lib/python3.12/site-packages/av/.dylibs/libavdevice.62.3.101.dylib (0x1079643a8) and /Users/lao_wu/codexAI/知识库/.venv/lib/python3.12/site-packages/cv2/.dylibs/libavdevice.61.3.100.dylib (0x10b9e03a8). This may cause spurious casting failures and mysterious crashes. One of the duplicates must be removed or renamed.
objc[48156]: Class AVFAudioReceiver is implemented in both /Users/lao_wu/codexAI/知识库/.venv/lib/python3.12/site-packages/av/.dylibs/libavdevice.62.3.101.dylib (0x1079643f8) and /Users/lao_wu/codexAI/知识库/.venv/lib/python3.12/site-packages/cv2/.dylibs/libavdevice.61.3.100.dylib (0x10b9e03f8). This may cause spurious casting failures and mysterious crashes. One of the duplicates must be removed or renamed.
{
  "raw_counts": {
    "douyin_contents": 1140,
    "xhs_contents": 15,
    "douyin_comments": 10280,
    "creators": 3,
    "unknown": 0
  },
  "dedupe_stats": {
    "duplicate_source_id": 111,
    "duplicate_text": 25,
    "unique_records": 1019
  },
  "requested": 1,
  "found": 1,
  "learned": 1,
  "skipped": 0,
  "missing": [],
  "video_analysis_requested": 1,
  "selected_cards_dir": "01_Case_Cleaning/video_learning/selected_deep_cards",
  "manifest": "01_Case_Cleaning/video_learning/state/learning_manifest.json",
  "report": "01_Case_Cleaning/video_learning/latest_selected_deep_learning_report.md"
}

=== 2026-06-19T18:12:26 243416997281729853 ===
{
  "raw_counts": {
    "douyin_contents": 1140,
    "xhs_contents": 15,
    "douyin_comments": 10280,
    "creators": 3,
    "unknown": 0
  },
  "dedupe_stats": {
    "duplicate_source_id": 111,
    "duplicate_text": 25,
    "unique_records": 1019
  },
  "requested": 1,
  "found": 0,
  "learned": 0,
  "skipped": 0,
  "missing": [
    "243416997281729853"
  ],
  "video_analysis_requested": 0,
  "selected_cards_dir": "01_Case_Cleaning/video_learning/selected_deep_cards",
  "manifest": "01_Case_Cleaning/video_learning/state/learning_manifest.json",
  "report": "01_Case_Cleaning/video_learning/latest_selected_deep_learning_report.md"
}

=== 2026-06-19T18:12:41 7542157131752033546 ===
objc[48724]: Class AVFFrameReceiver is implemented in both /Users/lao_wu/codexAI/知识库/.venv/lib/python3.12/site-packages/av/.dylibs/libavdevice.62.3.101.dylib (0x10a2a83a8) and /Users/lao_wu/codexAI/知识库/.venv/lib/python3.12/site-packages/cv2/.dylibs/libavdevice.61.3.100.dylib (0x10e2fc3a8). This may cause spurious casting failures and mysterious crashes. One of the duplicates must be removed or renamed.
objc[48724]: Class AVFAudioReceiver is implemented in both /Users/lao_wu/codexAI/知识库/.venv/lib/python3.12/site-packages/av/.dylibs/libavdevice.62.3.101.dylib (0x10a2a83f8) and /Users/lao_wu/codexAI/知识库/.venv/lib/python3.12/site-packages/cv2/.dylibs/libavdevice.61.3.100.dylib (0x10e2fc3f8). This may cause spurious casting failures and mysterious crashes. One of the duplicates must be removed or renamed.
{
  "raw_counts": {
    "douyin_contents": 1140,
    "xhs_contents": 15,
    "douyin_comments": 10280,
    "creators": 3,
    "unknown": 0
  },
  "dedupe_stats": {
    "duplicate_source_id": 111,
    "duplicate_text": 25,
    "unique_records": 1019
  },
  "requested": 1,
  "found": 1,
  "learned": 1,
  "skipped": 0,
  "missing": [],
  "video_analysis_requested": 1,
  "selected_cards_dir": "01_Case_Cleaning/video_learning/selected_deep_cards",
  "manifest": "01_Case_Cleaning/video_learning/state/learning_manifest.json",
  "report": "01_Case_Cleaning/video_learning/latest_selected_deep_learning_report.md"
}

=== 2026-06-19T18:13:41 7187394757394533687 ===
objc[49105]: Class AVFFrameReceiver is implemented in both /Users/lao_wu/codexAI/知识库/.venv/lib/python3.12/site-packages/av/.dylibs/libavdevice.62.3.101.dylib (0x10a3b43a8) and /Users/lao_wu/codexAI/知识库/.venv/lib/python3.12/site-packages/cv2/.dylibs/libavdevice.61.3.100.dylib (0x10dca43a8). This may cause spurious casting failures and mysterious crashes. One of the duplicates must be removed or renamed.
objc[49105]: Class AVFAudioReceiver is implemented in both /Users/lao_wu/codexAI/知识库/.venv/lib/python3.12/site-packages/av/.dylibs/libavdevice.62.3.101.dylib (0x10a3b43f8) and /Users/lao_wu/codexAI/知识库/.venv/lib/python3.12/site-packages/cv2/.dylibs/libavdevice.61.3.100.dylib (0x10dca43f8). This may cause spurious casting failures and mysterious crashes. One of the duplicates must be removed or renamed.
{
  "raw_counts": {
    "douyin_contents": 1140,
    "xhs_contents": 15,
    "douyin_comments": 10280,
    "creators": 3,
    "unknown": 0
  },
  "dedupe_stats": {
    "duplicate_source_id": 111,
    "duplicate_text": 25,
    "unique_records": 1019
  },
  "requested": 1,
  "found": 1,
  "learned": 1,
  "skipped": 0,
  "missing": [],
  "video_analysis_requested": 1,
  "selected_cards_dir": "01_Case_Cleaning/video_learning/selected_deep_cards",
  "manifest": "01_Case_Cleaning/video_learning/state/learning_manifest.json",
  "report": "01_Case_Cleaning/video_learning/latest_selected_deep_learning_report.md"
}

=== 2026-06-19T18:18:12 7615636638319922438 ===
objc[50174]: Class AVFFrameReceiver is implemented in both /Users/lao_wu/codexAI/知识库/.venv/lib/python3.12/site-packages/av/.dylibs/libavdevice.62.3.101.dylib (0x105e203a8) and /Users/lao_wu/codexAI/知识库/.venv/lib/python3.12/site-packages/cv2/.dylibs/libavdevice.61.3.100.dylib (0x109e8c3a8). This may cause spurious casting failures and mysterious crashes. One of the duplicates must be removed or renamed.
objc[50174]: Class AVFAudioReceiver is implemented in both /Users/lao_wu/codexAI/知识库/.venv/lib/python3.12/site-packages/av/.dylibs/libavdevice.62.3.101.dylib (0x105e203f8) and /Users/lao_wu/codexAI/知识库/.venv/lib/python3.12/site-packages/cv2/.dylibs/libavdevice.61.3.100.dylib (0x109e8c3f8). This may cause spurious casting failures and mysterious crashes. One of the duplicates must be removed or renamed.
{
  "raw_counts": {
    "douyin_contents": 1140,
    "xhs_contents": 15,
    "douyin_comments": 10280,
    "creators": 3,
    "unknown": 0
  },
  "dedupe_stats": {
    "duplicate_source_id": 111,
    "duplicate_text": 25,
    "unique_records": 1019
  },
  "requested": 1,
  "found": 1,
  "learned": 1,
  "skipped": 0,
  "missing": [],
  "video_analysis_requested": 1,
  "selected_cards_dir": "01_Case_Cleaning/video_learning/selected_deep_cards",
  "manifest": "01_Case_Cleaning/video_learning/state/learning_manifest.json",
  "report": "01_Case_Cleaning/video_learning/latest_selected_deep_learning_report.md"
}

=== 2026-06-19T18:19:12 7196647811516026170 ===
objc[50536]: Class AVFFrameReceiver is implemented in both /Users/lao_wu/codexAI/知识库/.venv/lib/python3.12/site-packages/av/.dylibs/libavdevice.62.3.101.dylib (0x107c843a8) and /Users/lao_wu/codexAI/知识库/.venv/lib/python3.12/site-packages/cv2/.dylibs/libavdevice.61.3.100.dylib (0x10bc0c3a8). This may cause spurious casting failures and mysterious crashes. One of the duplicates must be removed or renamed.
objc[50536]: Class AVFAudioReceiver is implemented in both /Users/lao_wu/codexAI/知识库/.venv/lib/python3.12/site-packages/av/.dylibs/libavdevice.62.3.101.dylib (0x107c843f8) and /Users/lao_wu/codexAI/知识库/.venv/lib/python3.12/site-packages/cv2/.dylibs/libavdevice.61.3.100.dylib (0x10bc0c3f8). This may cause spurious casting failures and mysterious crashes. One of the duplicates must be removed or renamed.
{
  "raw_counts": {
    "douyin_contents": 1140,
    "xhs_contents": 15,
    "douyin_comments": 10280,
    "creators": 3,
    "unknown": 0
  },
  "dedupe_stats": {
    "duplicate_source_id": 111,
    "duplicate_text": 25,
    "unique_records": 1019
  },
  "requested": 1,
  "found": 1,
  "learned": 1,
  "skipped": 0,
  "missing": [],
  "video_analysis_requested": 1,
  "selected_cards_dir": "01_Case_Cleaning/video_learning/selected_deep_cards",
  "manifest": "01_Case_Cleaning/video_learning/state/learning_manifest.json",
  "report": "01_Case_Cleaning/video_learning/latest_selected_deep_learning_report.md"
}

=== 2026-06-19T18:19:27 7557371251321343295 ===
objc[50740]: Class AVFFrameReceiver is implemented in both /Users/lao_wu/codexAI/知识库/.venv/lib/python3.12/site-packages/av/.dylibs/libavdevice.62.3.101.dylib (0x10770c3a8) and /Users/lao_wu/codexAI/知识库/.venv/lib/python3.12/site-packages/cv2/.dylibs/libavdevice.61.3.100.dylib (0x10b7783a8). This may cause spurious casting failures and mysterious crashes. One of the duplicates must be removed or renamed.
objc[50740]: Class AVFAudioReceiver is implemented in both /Users/lao_wu/codexAI/知识库/.venv/lib/python3.12/site-packages/av/.dylibs/libavdevice.62.3.101.dylib (0x10770c3f8) and /Users/lao_wu/codexAI/知识库/.venv/lib/python3.12/site-packages/cv2/.dylibs/libavdevice.61.3.100.dylib (0x10b7783f8). This may cause spurious casting failures and mysterious crashes. One of the duplicates must be removed or renamed.
{
  "raw_counts": {
    "douyin_contents": 1140,
    "xhs_contents": 15,
    "douyin_comments": 10280,
    "creators": 3,
    "unknown": 0
  },
  "dedupe_stats": {
    "duplicate_source_id": 111,
    "duplicate_text": 25,
    "unique_records": 1019
  },
  "requested": 1,
  "found": 1,
  "learned": 1,
  "skipped": 0,
  "missing": [],
  "video_analysis_requested": 1,
  "selected_cards_dir": "01_Case_Cleaning/video_learning/selected_deep_cards",
  "manifest": "01_Case_Cleaning/video_learning/state/learning_manifest.json",
  "report": "01_Case_Cleaning/video_learning/latest_selected_deep_learning_report.md"
}

=== 2026-06-19T18:19:57 7619348188293565759 ===
objc[50984]: Class AVFFrameReceiver is implemented in both /Users/lao_wu/codexAI/知识库/.venv/lib/python3.12/site-packages/av/.dylibs/libavdevice.62.3.101.dylib (0x105d503a8) and /Users/lao_wu/codexAI/知识库/.venv/lib/python3.12/site-packages/cv2/.dylibs/libavdevice.61.3.100.dylib (0x109da83a8). This may cause spurious casting failures and mysterious crashes. One of the duplicates must be removed or renamed.
objc[50984]: Class AVFAudioReceiver is implemented in both /Users/lao_wu/codexAI/知识库/.venv/lib/python3.12/site-packages/av/.dylibs/libavdevice.62.3.101.dylib (0x105d503f8) and /Users/lao_wu/codexAI/知识库/.venv/lib/python3.12/site-packages/cv2/.dylibs/libavdevice.61.3.100.dylib (0x109da83f8). This may cause spurious casting failures and mysterious crashes. One of the duplicates must be removed or renamed.
{
  "raw_counts": {
    "douyin_contents": 1140,
    "xhs_contents": 15,
    "douyin_comments": 10280,
    "creators": 3,
    "unknown": 0
  },
  "dedupe_stats": {
    "duplicate_source_id": 111,
    "duplicate_text": 25,
    "unique_records": 1019
  },
  "requested": 1,
  "found": 1,
  "learned": 1,
  "skipped": 0,
  "missing": [],
  "video_analysis_requested": 1,
  "selected_cards_dir": "01_Case_Cleaning/video_learning/selected_deep_cards",
  "manifest": "01_Case_Cleaning/video_learning/state/learning_manifest.json",
  "report": "01_Case_Cleaning/video_learning/latest_selected_deep_learning_report.md"
}

=== 2026-06-19T18:20:57 597450892647992618 ===
{
  "raw_counts": {
    "douyin_contents": 1140,
    "xhs_contents": 15,
    "douyin_comments": 10280,
    "creators": 3,
    "unknown": 0
  },
  "dedupe_stats": {
    "duplicate_source_id": 111,
    "duplicate_text": 25,
    "unique_records": 1019
  },
  "requested": 1,
  "found": 0,
  "learned": 0,
  "skipped": 0,
  "missing": [
    "597450892647992618"
  ],
  "video_analysis_requested": 0,
  "selected_cards_dir": "01_Case_Cleaning/video_learning/selected_deep_cards",
  "manifest": "01_Case_Cleaning/video_learning/state/learning_manifest.json",
  "report": "01_Case_Cleaning/video_learning/latest_selected_deep_learning_report.md"
}

=== 2026-06-19T18:21:12 7599316326846385462 ===
objc[51439]: Class AVFFrameReceiver is implemented in both /Users/lao_wu/codexAI/知识库/.venv/lib/python3.12/site-packages/av/.dylibs/libavdevice.62.3.101.dylib (0x107ec83a8) and /Users/lao_wu/codexAI/知识库/.venv/lib/python3.12/site-packages/cv2/.dylibs/libavdevice.61.3.100.dylib (0x10bfb03a8). This may cause spurious casting failures and mysterious crashes. One of the duplicates must be removed or renamed.
objc[51439]: Class AVFAudioReceiver is implemented in both /Users/lao_wu/codexAI/知识库/.venv/lib/python3.12/site-packages/av/.dylibs/libavdevice.62.3.101.dylib (0x107ec83f8) and /Users/lao_wu/codexAI/知识库/.venv/lib/python3.12/site-packages/cv2/.dylibs/libavdevice.61.3.100.dylib (0x10bfb03f8). This may cause spurious casting failures and mysterious crashes. One of the duplicates must be removed or renamed.
{
  "raw_counts": {
    "douyin_contents": 1140,
    "xhs_contents": 15,
    "douyin_comments": 10280,
    "creators": 3,
    "unknown": 0
  },
  "dedupe_stats": {
    "duplicate_source_id": 111,
    "duplicate_text": 25,
    "unique_records": 1019
  },
  "requested": 1,
  "found": 1,
  "learned": 1,
  "skipped": 0,
  "missing": [],
  "video_analysis_requested": 1,
  "selected_cards_dir": "01_Case_Cleaning/video_learning/selected_deep_cards",
  "manifest": "01_Case_Cleaning/video_learning/state/learning_manifest.json",
  "report": "01_Case_Cleaning/video_learning/latest_selected_deep_learning_report.md"
}

=== 2026-06-19T18:26:58 7582931244523048244 ===
objc[52654]: Class AVFFrameReceiver is implemented in both /Users/lao_wu/codexAI/知识库/.venv/lib/python3.12/site-packages/av/.dylibs/libavdevice.62.3.101.dylib (0x1065e43a8) and /Users/lao_wu/codexAI/知识库/.venv/lib/python3.12/site-packages/cv2/.dylibs/libavdevice.61.3.100.dylib (0x10a6503a8). This may cause spurious casting failures and mysterious crashes. One of the duplicates must be removed or renamed.
objc[52654]: Class AVFAudioReceiver is implemented in both /Users/lao_wu/codexAI/知识库/.venv/lib/python3.12/site-packages/av/.dylibs/libavdevice.62.3.101.dylib (0x1065e43f8) and /Users/lao_wu/codexAI/知识库/.venv/lib/python3.12/site-packages/cv2/.dylibs/libavdevice.61.3.100.dylib (0x10a6503f8). This may cause spurious casting failures and mysterious crashes. One of the duplicates must be removed or renamed.
{
  "raw_counts": {
    "douyin_contents": 1140,
    "xhs_contents": 15,
    "douyin_comments": 10280,
    "creators": 3,
    "unknown": 0
  },
  "dedupe_stats": {
    "duplicate_source_id": 111,
    "duplicate_text": 25,
    "unique_records": 1019
  },
  "requested": 1,
  "found": 1,
  "learned": 1,
  "skipped": 0,
  "missing": [],
  "video_analysis_requested": 1,
  "selected_cards_dir": "01_Case_Cleaning/video_learning/selected_deep_cards",
  "manifest": "01_Case_Cleaning/video_learning/state/learning_manifest.json",
  "report": "01_Case_Cleaning/video_learning/latest_selected_deep_learning_report.md"
}

=== 2026-06-19T18:28:13 520521925358030120 ===
{
  "raw_counts": {
    "douyin_contents": 1140,
    "xhs_contents": 15,
    "douyin_comments": 10280,
    "creators": 3,
    "unknown": 0
  },
  "dedupe_stats": {
    "duplicate_source_id": 111,
    "duplicate_text": 25,
    "unique_records": 1019
  },
  "requested": 1,
  "found": 0,
  "learned": 0,
  "skipped": 0,
  "missing": [
    "520521925358030120"
  ],
  "video_analysis_requested": 0,
  "selected_cards_dir": "01_Case_Cleaning/video_learning/selected_deep_cards",
  "manifest": "01_Case_Cleaning/video_learning/state/learning_manifest.json",
  "report": "01_Case_Cleaning/video_learning/latest_selected_deep_learning_report.md"
}

=== 2026-06-19T19:50:50 7625643184860826926 ===
objc[69293]: Class AVFFrameReceiver is implemented in both /Users/lao_wu/codexAI/知识库/.venv/lib/python3.12/site-packages/av/.dylibs/libavdevice.62.3.101.dylib (0x107b983a8) and /Users/lao_wu/codexAI/知识库/.venv/lib/python3.12/site-packages/cv2/.dylibs/libavdevice.61.3.100.dylib (0x10bc043a8). This may cause spurious casting failures and mysterious crashes. One of the duplicates must be removed or renamed.
objc[69293]: Class AVFAudioReceiver is implemented in both /Users/lao_wu/codexAI/知识库/.venv/lib/python3.12/site-packages/av/.dylibs/libavdevice.62.3.101.dylib (0x107b983f8) and /Users/lao_wu/codexAI/知识库/.venv/lib/python3.12/site-packages/cv2/.dylibs/libavdevice.61.3.100.dylib (0x10bc043f8). This may cause spurious casting failures and mysterious crashes. One of the duplicates must be removed or renamed.
{
  "raw_counts": {
    "douyin_contents": 1140,
    "xhs_contents": 15,
    "douyin_comments": 10280,
    "creators": 3,
    "unknown": 0
  },
  "dedupe_stats": {
    "duplicate_source_id": 111,
    "duplicate_text": 25,
    "unique_records": 1019
  },
  "requested": 1,
  "found": 1,
  "learned": 1,
  "skipped": 0,
  "missing": [],
  "video_analysis_requested": 1,
  "selected_cards_dir": "01_Case_Cleaning/video_learning/selected_deep_cards",
  "manifest": "01_Case_Cleaning/video_learning/state/learning_manifest.json",
  "report": "01_Case_Cleaning/video_learning/latest_selected_deep_learning_report.md"
}

=== 2026-06-19T19:53:51 7637902663966838042 ===
objc[76904]: Class AVFFrameReceiver is implemented in both /Users/lao_wu/codexAI/知识库/.venv/lib/python3.12/site-packages/av/.dylibs/libavdevice.62.3.101.dylib (0x10a6483a8) and /Users/lao_wu/codexAI/知识库/.venv/lib/python3.12/site-packages/cv2/.dylibs/libavdevice.61.3.100.dylib (0x10e6b83a8). This may cause spurious casting failures and mysterious crashes. One of the duplicates must be removed or renamed.
objc[76904]: Class AVFAudioReceiver is implemented in both /Users/lao_wu/codexAI/知识库/.venv/lib/python3.12/site-packages/av/.dylibs/libavdevice.62.3.101.dylib (0x10a6483f8) and /Users/lao_wu/codexAI/知识库/.venv/lib/python3.12/site-packages/cv2/.dylibs/libavdevice.61.3.100.dylib (0x10e6b83f8). This may cause spurious casting failures and mysterious crashes. One of the duplicates must be removed or renamed.
{
  "raw_counts": {
    "douyin_contents": 1140,
    "xhs_contents": 15,
    "douyin_comments": 10280,
    "creators": 3,
    "unknown": 0
  },
  "dedupe_stats": {
    "duplicate_source_id": 111,
    "duplicate_text": 25,
    "unique_records": 1019
  },
  "requested": 1,
  "found": 1,
  "learned": 1,
  "skipped": 0,
  "missing": [],
  "video_analysis_requested": 1,
  "selected_cards_dir": "01_Case_Cleaning/video_learning/selected_deep_cards",
  "manifest": "01_Case_Cleaning/video_learning/state/learning_manifest.json",
  "report": "01_Case_Cleaning/video_learning/latest_selected_deep_learning_report.md"
}

=== 2026-06-19T19:55:06 7626760447793843491 ===
objc[79440]: Class AVFFrameReceiver is implemented in both /Users/lao_wu/codexAI/知识库/.venv/lib/python3.12/site-packages/av/.dylibs/libavdevice.62.3.101.dylib (0x105b783a8) and /Users/lao_wu/codexAI/知识库/.venv/lib/python3.12/site-packages/cv2/.dylibs/libavdevice.61.3.100.dylib (0x109bf43a8). This may cause spurious casting failures and mysterious crashes. One of the duplicates must be removed or renamed.
objc[79440]: Class AVFAudioReceiver is implemented in both /Users/lao_wu/codexAI/知识库/.venv/lib/python3.12/site-packages/av/.dylibs/libavdevice.62.3.101.dylib (0x105b783f8) and /Users/lao_wu/codexAI/知识库/.venv/lib/python3.12/site-packages/cv2/.dylibs/libavdevice.61.3.100.dylib (0x109bf43f8). This may cause spurious casting failures and mysterious crashes. One of the duplicates must be removed or renamed.
{
  "raw_counts": {
    "douyin_contents": 1140,
    "xhs_contents": 15,
    "douyin_comments": 10280,
    "creators": 3,
    "unknown": 0
  },
  "dedupe_stats": {
    "duplicate_source_id": 111,
    "duplicate_text": 25,
    "unique_records": 1019
  },
  "requested": 1,
  "found": 1,
  "learned": 1,
  "skipped": 0,
  "missing": [],
  "video_analysis_requested": 1,
  "selected_cards_dir": "01_Case_Cleaning/video_learning/selected_deep_cards",
  "manifest": "01_Case_Cleaning/video_learning/state/learning_manifest.json",
  "report": "01_Case_Cleaning/video_learning/latest_selected_deep_learning_report.md"
}

=== 2026-06-19T19:56:36 7539558531461942569 ===
objc[82565]: Class AVFFrameReceiver is implemented in both /Users/lao_wu/codexAI/知识库/.venv/lib/python3.12/site-packages/av/.dylibs/libavdevice.62.3.101.dylib (0x1079e83a8) and /Users/lao_wu/codexAI/知识库/.venv/lib/python3.12/site-packages/cv2/.dylibs/libavdevice.61.3.100.dylib (0x10ba4c3a8). This may cause spurious casting failures and mysterious crashes. One of the duplicates must be removed or renamed.
objc[82565]: Class AVFAudioReceiver is implemented in both /Users/lao_wu/codexAI/知识库/.venv/lib/python3.12/site-packages/av/.dylibs/libavdevice.62.3.101.dylib (0x1079e83f8) and /Users/lao_wu/codexAI/知识库/.venv/lib/python3.12/site-packages/cv2/.dylibs/libavdevice.61.3.100.dylib (0x10ba4c3f8). This may cause spurious casting failures and mysterious crashes. One of the duplicates must be removed or renamed.
{
  "raw_counts": {
    "douyin_contents": 1140,
    "xhs_contents": 15,
    "douyin_comments": 10280,
    "creators": 3,
    "unknown": 0
  },
  "dedupe_stats": {
    "duplicate_source_id": 111,
    "duplicate_text": 25,
    "unique_records": 1019
  },
  "requested": 1,
  "found": 1,
  "learned": 1,
  "skipped": 0,
  "missing": [],
  "video_analysis_requested": 1,
  "selected_cards_dir": "01_Case_Cleaning/video_learning/selected_deep_cards",
  "manifest": "01_Case_Cleaning/video_learning/state/learning_manifest.json",
  "report": "01_Case_Cleaning/video_learning/latest_selected_deep_learning_report.md"
}

=== 2026-06-19T19:57:06 7176998179462728994 ===
objc[83697]: Class AVFFrameReceiver is implemented in both /Users/lao_wu/codexAI/知识库/.venv/lib/python3.12/site-packages/av/.dylibs/libavdevice.62.3.101.dylib (0x1084843a8) and /Users/lao_wu/codexAI/知识库/.venv/lib/python3.12/site-packages/cv2/.dylibs/libavdevice.61.3.100.dylib (0x10c0543a8). This may cause spurious casting failures and mysterious crashes. One of the duplicates must be removed or renamed.
objc[83697]: Class AVFAudioReceiver is implemented in both /Users/lao_wu/codexAI/知识库/.venv/lib/python3.12/site-packages/av/.dylibs/libavdevice.62.3.101.dylib (0x1084843f8) and /Users/lao_wu/codexAI/知识库/.venv/lib/python3.12/site-packages/cv2/.dylibs/libavdevice.61.3.100.dylib (0x10c0543f8). This may cause spurious casting failures and mysterious crashes. One of the duplicates must be removed or renamed.
{
  "raw_counts": {
    "douyin_contents": 1140,
    "xhs_contents": 15,
    "douyin_comments": 10280,
    "creators": 3,
    "unknown": 0
  },
  "dedupe_stats": {
    "duplicate_source_id": 111,
    "duplicate_text": 25,
    "unique_records": 1019
  },
  "requested": 1,
  "found": 1,
  "learned": 1,
  "skipped": 0,
  "missing": [],
  "video_analysis_requested": 1,
  "selected_cards_dir": "01_Case_Cleaning/video_learning/selected_deep_cards",
  "manifest": "01_Case_Cleaning/video_learning/state/learning_manifest.json",
  "report": "01_Case_Cleaning/video_learning/latest_selected_deep_learning_report.md"
}

=== 2026-06-19T19:57:21 7623432595895749926 ===
objc[84243]: Class AVFFrameReceiver is implemented in both /Users/lao_wu/codexAI/知识库/.venv/lib/python3.12/site-packages/av/.dylibs/libavdevice.62.3.101.dylib (0x1082e43a8) and /Users/lao_wu/codexAI/知识库/.venv/lib/python3.12/site-packages/cv2/.dylibs/libavdevice.61.3.100.dylib (0x10c34c3a8). This may cause spurious casting failures and mysterious crashes. One of the duplicates must be removed or renamed.
objc[84243]: Class AVFAudioReceiver is implemented in both /Users/lao_wu/codexAI/知识库/.venv/lib/python3.12/site-packages/av/.dylibs/libavdevice.62.3.101.dylib (0x1082e43f8) and /Users/lao_wu/codexAI/知识库/.venv/lib/python3.12/site-packages/cv2/.dylibs/libavdevice.61.3.100.dylib (0x10c34c3f8). This may cause spurious casting failures and mysterious crashes. One of the duplicates must be removed or renamed.
{
  "raw_counts": {
    "douyin_contents": 1140,
    "xhs_contents": 15,
    "douyin_comments": 10280,
    "creators": 3,
    "unknown": 0
  },
  "dedupe_stats": {
    "duplicate_source_id": 111,
    "duplicate_text": 25,
    "unique_records": 1019
  },
  "requested": 1,
  "found": 1,
  "learned": 1,
  "skipped": 0,
  "missing": [],
  "video_analysis_requested": 1,
  "selected_cards_dir": "01_Case_Cleaning/video_learning/selected_deep_cards",
  "manifest": "01_Case_Cleaning/video_learning/state/learning_manifest.json",
  "report": "01_Case_Cleaning/video_learning/latest_selected_deep_learning_report.md"
}

=== 2026-06-19T19:58:21 7163502772296486159 ===
{
  "raw_counts": {
    "douyin_contents": 1140,
    "xhs_contents": 15,
    "douyin_comments": 10280,
    "creators": 3,
    "unknown": 0
  },
  "dedupe_stats": {
    "duplicate_source_id": 111,
    "duplicate_text": 25,
    "unique_records": 1019
  },
  "requested": 1,
  "found": 1,
  "learned": 1,
  "skipped": 0,
  "missing": [],
  "video_analysis_requested": 0,
  "selected_cards_dir": "01_Case_Cleaning/video_learning/selected_deep_cards",
  "manifest": "01_Case_Cleaning/video_learning/state/learning_manifest.json",
  "report": "01_Case_Cleaning/video_learning/latest_selected_deep_learning_report.md"
}

=== 2026-06-19T19:58:36 7586645512623901978 ===
objc[86864]: Class AVFFrameReceiver is implemented in both /Users/lao_wu/codexAI/知识库/.venv/lib/python3.12/site-packages/av/.dylibs/libavdevice.62.3.101.dylib (0x1098a03a8) and /Users/lao_wu/codexAI/知识库/.venv/lib/python3.12/site-packages/cv2/.dylibs/libavdevice.61.3.100.dylib (0x10d90c3a8). This may cause spurious casting failures and mysterious crashes. One of the duplicates must be removed or renamed.
objc[86864]: Class AVFAudioReceiver is implemented in both /Users/lao_wu/codexAI/知识库/.venv/lib/python3.12/site-packages/av/.dylibs/libavdevice.62.3.101.dylib (0x1098a03f8) and /Users/lao_wu/codexAI/知识库/.venv/lib/python3.12/site-packages/cv2/.dylibs/libavdevice.61.3.100.dylib (0x10d90c3f8). This may cause spurious casting failures and mysterious crashes. One of the duplicates must be removed or renamed.
{
  "raw_counts": {
    "douyin_contents": 1140,
    "xhs_contents": 15,
    "douyin_comments": 10280,
    "creators": 3,
    "unknown": 0
  },
  "dedupe_stats": {
    "duplicate_source_id": 111,
    "duplicate_text": 25,
    "unique_records": 1019
  },
  "requested": 1,
  "found": 1,
  "learned": 1,
  "skipped": 0,
  "missing": [],
  "video_analysis_requested": 1,
  "selected_cards_dir": "01_Case_Cleaning/video_learning/selected_deep_cards",
  "manifest": "01_Case_Cleaning/video_learning/state/learning_manifest.json",
  "report": "01_Case_Cleaning/video_learning/latest_selected_deep_learning_report.md"
}

=== 2026-06-19T20:00:22 7523959225278647590 ===
objc[90444]: Class AVFFrameReceiver is implemented in both /Users/lao_wu/codexAI/知识库/.venv/lib/python3.12/site-packages/av/.dylibs/libavdevice.62.3.101.dylib (0x1058443a8) and /Users/lao_wu/codexAI/知识库/.venv/lib/python3.12/site-packages/cv2/.dylibs/libavdevice.61.3.100.dylib (0x1099103a8). This may cause spurious casting failures and mysterious crashes. One of the duplicates must be removed or renamed.
objc[90444]: Class AVFAudioReceiver is implemented in both /Users/lao_wu/codexAI/知识库/.venv/lib/python3.12/site-packages/av/.dylibs/libavdevice.62.3.101.dylib (0x1058443f8) and /Users/lao_wu/codexAI/知识库/.venv/lib/python3.12/site-packages/cv2/.dylibs/libavdevice.61.3.100.dylib (0x1099103f8). This may cause spurious casting failures and mysterious crashes. One of the duplicates must be removed or renamed.
{
  "raw_counts": {
    "douyin_contents": 1140,
    "xhs_contents": 15,
    "douyin_comments": 10280,
    "creators": 3,
    "unknown": 0
  },
  "dedupe_stats": {
    "duplicate_source_id": 111,
    "duplicate_text": 25,
    "unique_records": 1019
  },
  "requested": 1,
  "found": 1,
  "learned": 1,
  "skipped": 0,
  "missing": [],
  "video_analysis_requested": 1,
  "selected_cards_dir": "01_Case_Cleaning/video_learning/selected_deep_cards",
  "manifest": "01_Case_Cleaning/video_learning/state/learning_manifest.json",
  "report": "01_Case_Cleaning/video_learning/latest_selected_deep_learning_report.md"
}

=== 2026-06-19T20:05:07 7618589475425275145 ===
objc[99716]: Class AVFFrameReceiver is implemented in both /Users/lao_wu/codexAI/知识库/.venv/lib/python3.12/site-packages/av/.dylibs/libavdevice.62.3.101.dylib (0x107eec3a8) and /Users/lao_wu/codexAI/知识库/.venv/lib/python3.12/site-packages/cv2/.dylibs/libavdevice.61.3.100.dylib (0x10b7dc3a8). This may cause spurious casting failures and mysterious crashes. One of the duplicates must be removed or renamed.
objc[99716]: Class AVFAudioReceiver is implemented in both /Users/lao_wu/codexAI/知识库/.venv/lib/python3.12/site-packages/av/.dylibs/libavdevice.62.3.101.dylib (0x107eec3f8) and /Users/lao_wu/codexAI/知识库/.venv/lib/python3.12/site-packages/cv2/.dylibs/libavdevice.61.3.100.dylib (0x10b7dc3f8). This may cause spurious casting failures and mysterious crashes. One of the duplicates must be removed or renamed.
{
  "raw_counts": {
    "douyin_contents": 1140,
    "xhs_contents": 15,
    "douyin_comments": 10280,
    "creators": 3,
    "unknown": 0
  },
  "dedupe_stats": {
    "duplicate_source_id": 111,
    "duplicate_text": 25,
    "unique_records": 1019
  },
  "requested": 1,
  "found": 1,
  "learned": 1,
  "skipped": 0,
  "missing": [],
  "video_analysis_requested": 1,
  "selected_cards_dir": "01_Case_Cleaning/video_learning/selected_deep_cards",
  "manifest": "01_Case_Cleaning/video_learning/state/learning_manifest.json",
  "report": "01_Case_Cleaning/video_learning/latest_selected_deep_learning_report.md"
}

=== 2026-06-19T20:06:52 7411532856205266195 ===
objc[3661]: Class AVFFrameReceiver is implemented in both /Users/lao_wu/codexAI/知识库/.venv/lib/python3.12/site-packages/av/.dylibs/libavdevice.62.3.101.dylib (0x10aab43a8) and /Users/lao_wu/codexAI/知识库/.venv/lib/python3.12/site-packages/cv2/.dylibs/libavdevice.61.3.100.dylib (0x10e6cc3a8). This may cause spurious casting failures and mysterious crashes. One of the duplicates must be removed or renamed.
objc[3661]: Class AVFAudioReceiver is implemented in both /Users/lao_wu/codexAI/知识库/.venv/lib/python3.12/site-packages/av/.dylibs/libavdevice.62.3.101.dylib (0x10aab43f8) and /Users/lao_wu/codexAI/知识库/.venv/lib/python3.12/site-packages/cv2/.dylibs/libavdevice.61.3.100.dylib (0x10e6cc3f8). This may cause spurious casting failures and mysterious crashes. One of the duplicates must be removed or renamed.
{
  "raw_counts": {
    "douyin_contents": 1140,
    "xhs_contents": 15,
    "douyin_comments": 10280,
    "creators": 3,
    "unknown": 0
  },
  "dedupe_stats": {
    "duplicate_source_id": 111,
    "duplicate_text": 25,
    "unique_records": 1019
  },
  "requested": 1,
  "found": 1,
  "learned": 1,
  "skipped": 0,
  "missing": [],
  "video_analysis_requested": 1,
  "selected_cards_dir": "01_Case_Cleaning/video_learning/selected_deep_cards",
  "manifest": "01_Case_Cleaning/video_learning/state/learning_manifest.json",
  "report": "01_Case_Cleaning/video_learning/latest_selected_deep_learning_report.md"
}

=== 2026-06-19T20:07:37 7523594090828041526 ===
objc[5255]: Class AVFFrameReceiver is implemented in both /Users/lao_wu/codexAI/知识库/.venv/lib/python3.12/site-packages/av/.dylibs/libavdevice.62.3.101.dylib (0x1098cc3a8) and /Users/lao_wu/codexAI/知识库/.venv/lib/python3.12/site-packages/cv2/.dylibs/libavdevice.61.3.100.dylib (0x10d94c3a8). This may cause spurious casting failures and mysterious crashes. One of the duplicates must be removed or renamed.
objc[5255]: Class AVFAudioReceiver is implemented in both /Users/lao_wu/codexAI/知识库/.venv/lib/python3.12/site-packages/av/.dylibs/libavdevice.62.3.101.dylib (0x1098cc3f8) and /Users/lao_wu/codexAI/知识库/.venv/lib/python3.12/site-packages/cv2/.dylibs/libavdevice.61.3.100.dylib (0x10d94c3f8). This may cause spurious casting failures and mysterious crashes. One of the duplicates must be removed or renamed.
{
  "raw_counts": {
    "douyin_contents": 1140,
    "xhs_contents": 15,
    "douyin_comments": 10280,
    "creators": 3,
    "unknown": 0
  },
  "dedupe_stats": {
    "duplicate_source_id": 111,
    "duplicate_text": 25,
    "unique_records": 1019
  },
  "requested": 1,
  "found": 1,
  "learned": 1,
  "skipped": 0,
  "missing": [],
  "video_analysis_requested": 1,
  "selected_cards_dir": "01_Case_Cleaning/video_learning/selected_deep_cards",
  "manifest": "01_Case_Cleaning/video_learning/state/learning_manifest.json",
  "report": "01_Case_Cleaning/video_learning/latest_selected_deep_learning_report.md"
}

=== 2026-06-19T20:12:53 7598553754534776118 ===
objc[15481]: Class AVFFrameReceiver is implemented in both /Users/lao_wu/codexAI/知识库/.venv/lib/python3.12/site-packages/av/.dylibs/libavdevice.62.3.101.dylib (0x107d203a8) and /Users/lao_wu/codexAI/知识库/.venv/lib/python3.12/site-packages/cv2/.dylibs/libavdevice.61.3.100.dylib (0x10bdc03a8). This may cause spurious casting failures and mysterious crashes. One of the duplicates must be removed or renamed.
objc[15481]: Class AVFAudioReceiver is implemented in both /Users/lao_wu/codexAI/知识库/.venv/lib/python3.12/site-packages/av/.dylibs/libavdevice.62.3.101.dylib (0x107d203f8) and /Users/lao_wu/codexAI/知识库/.venv/lib/python3.12/site-packages/cv2/.dylibs/libavdevice.61.3.100.dylib (0x10bdc03f8). This may cause spurious casting failures and mysterious crashes. One of the duplicates must be removed or renamed.
{
  "raw_counts": {
    "douyin_contents": 1140,
    "xhs_contents": 15,
    "douyin_comments": 10280,
    "creators": 3,
    "unknown": 0
  },
  "dedupe_stats": {
    "duplicate_source_id": 111,
    "duplicate_text": 25,
    "unique_records": 1019
  },
  "requested": 1,
  "found": 1,
  "learned": 1,
  "skipped": 0,
  "missing": [],
  "video_analysis_requested": 1,
  "selected_cards_dir": "01_Case_Cleaning/video_learning/selected_deep_cards",
  "manifest": "01_Case_Cleaning/video_learning/state/learning_manifest.json",
  "report": "01_Case_Cleaning/video_learning/latest_selected_deep_learning_report.md"
}

=== 2026-06-19T20:22:09 7432683956031540491 ===
objc[33389]: Class AVFFrameReceiver is implemented in both /Users/lao_wu/codexAI/知识库/.venv/lib/python3.12/site-packages/av/.dylibs/libavdevice.62.3.101.dylib (0x105a9c3a8) and /Users/lao_wu/codexAI/知识库/.venv/lib/python3.12/site-packages/cv2/.dylibs/libavdevice.61.3.100.dylib (0x109a083a8). This may cause spurious casting failures and mysterious crashes. One of the duplicates must be removed or renamed.
objc[33389]: Class AVFAudioReceiver is implemented in both /Users/lao_wu/codexAI/知识库/.venv/lib/python3.12/site-packages/av/.dylibs/libavdevice.62.3.101.dylib (0x105a9c3f8) and /Users/lao_wu/codexAI/知识库/.venv/lib/python3.12/site-packages/cv2/.dylibs/libavdevice.61.3.100.dylib (0x109a083f8). This may cause spurious casting failures and mysterious crashes. One of the duplicates must be removed or renamed.
{
  "raw_counts": {
    "douyin_contents": 1140,
    "xhs_contents": 15,
    "douyin_comments": 10280,
    "creators": 3,
    "unknown": 0
  },
  "dedupe_stats": {
    "duplicate_source_id": 111,
    "duplicate_text": 25,
    "unique_records": 1019
  },
  "requested": 1,
  "found": 1,
  "learned": 1,
  "skipped": 0,
  "missing": [],
  "video_analysis_requested": 1,
  "selected_cards_dir": "01_Case_Cleaning/video_learning/selected_deep_cards",
  "manifest": "01_Case_Cleaning/video_learning/state/learning_manifest.json",
  "report": "01_Case_Cleaning/video_learning/latest_selected_deep_learning_report.md"
}

=== 2026-06-19T20:26:24 7620452140850384179 ===
objc[41627]: Class AVFFrameReceiver is implemented in both /Users/lao_wu/codexAI/知识库/.venv/lib/python3.12/site-packages/av/.dylibs/libavdevice.62.3.101.dylib (0x1083643a8) and /Users/lao_wu/codexAI/知识库/.venv/lib/python3.12/site-packages/cv2/.dylibs/libavdevice.61.3.100.dylib (0x10c4143a8). This may cause spurious casting failures and mysterious crashes. One of the duplicates must be removed or renamed.
objc[41627]: Class AVFAudioReceiver is implemented in both /Users/lao_wu/codexAI/知识库/.venv/lib/python3.12/site-packages/av/.dylibs/libavdevice.62.3.101.dylib (0x1083643f8) and /Users/lao_wu/codexAI/知识库/.venv/lib/python3.12/site-packages/cv2/.dylibs/libavdevice.61.3.100.dylib (0x10c4143f8). This may cause spurious casting failures and mysterious crashes. One of the duplicates must be removed or renamed.
{
  "raw_counts": {
    "douyin_contents": 1140,
    "xhs_contents": 15,
    "douyin_comments": 10280,
    "creators": 3,
    "unknown": 0
  },
  "dedupe_stats": {
    "duplicate_source_id": 111,
    "duplicate_text": 25,
    "unique_records": 1019
  },
  "requested": 1,
  "found": 1,
  "learned": 1,
  "skipped": 0,
  "missing": [],
  "video_analysis_requested": 1,
  "selected_cards_dir": "01_Case_Cleaning/video_learning/selected_deep_cards",
  "manifest": "01_Case_Cleaning/video_learning/state/learning_manifest.json",
  "report": "01_Case_Cleaning/video_learning/latest_selected_deep_learning_report.md"
}

=== 2026-06-19T20:29:39 7505041506858224932 ===
objc[47972]: Class AVFFrameReceiver is implemented in both /Users/lao_wu/codexAI/知识库/.venv/lib/python3.12/site-packages/av/.dylibs/libavdevice.62.3.101.dylib (0x1082843a8) and /Users/lao_wu/codexAI/知识库/.venv/lib/python3.12/site-packages/cv2/.dylibs/libavdevice.61.3.100.dylib (0x10c3543a8). This may cause spurious casting failures and mysterious crashes. One of the duplicates must be removed or renamed.
objc[47972]: Class AVFAudioReceiver is implemented in both /Users/lao_wu/codexAI/知识库/.venv/lib/python3.12/site-packages/av/.dylibs/libavdevice.62.3.101.dylib (0x1082843f8) and /Users/lao_wu/codexAI/知识库/.venv/lib/python3.12/site-packages/cv2/.dylibs/libavdevice.61.3.100.dylib (0x10c3543f8). This may cause spurious casting failures and mysterious crashes. One of the duplicates must be removed or renamed.
{
  "raw_counts": {
    "douyin_contents": 1140,
    "xhs_contents": 15,
    "douyin_comments": 10280,
    "creators": 3,
    "unknown": 0
  },
  "dedupe_stats": {
    "duplicate_source_id": 111,
    "duplicate_text": 25,
    "unique_records": 1019
  },
  "requested": 1,
  "found": 1,
  "learned": 1,
  "skipped": 0,
  "missing": [],
  "video_analysis_requested": 1,
  "selected_cards_dir": "01_Case_Cleaning/video_learning/selected_deep_cards",
  "manifest": "01_Case_Cleaning/video_learning/state/learning_manifest.json",
  "report": "01_Case_Cleaning/video_learning/latest_selected_deep_learning_report.md"
}

=== 2026-06-19T20:33:10 7552895793951264039 ===
objc[54822]: Class AVFFrameReceiver is implemented in both /Users/lao_wu/codexAI/知识库/.venv/lib/python3.12/site-packages/av/.dylibs/libavdevice.62.3.101.dylib (0x109af83a8) and /Users/lao_wu/codexAI/知识库/.venv/lib/python3.12/site-packages/cv2/.dylibs/libavdevice.61.3.100.dylib (0x10db643a8). This may cause spurious casting failures and mysterious crashes. One of the duplicates must be removed or renamed.
objc[54822]: Class AVFAudioReceiver is implemented in both /Users/lao_wu/codexAI/知识库/.venv/lib/python3.12/site-packages/av/.dylibs/libavdevice.62.3.101.dylib (0x109af83f8) and /Users/lao_wu/codexAI/知识库/.venv/lib/python3.12/site-packages/cv2/.dylibs/libavdevice.61.3.100.dylib (0x10db643f8). This may cause spurious casting failures and mysterious crashes. One of the duplicates must be removed or renamed.
{
  "raw_counts": {
    "douyin_contents": 1140,
    "xhs_contents": 15,
    "douyin_comments": 10280,
    "creators": 3,
    "unknown": 0
  },
  "dedupe_stats": {
    "duplicate_source_id": 111,
    "duplicate_text": 25,
    "unique_records": 1019
  },
  "requested": 1,
  "found": 1,
  "learned": 1,
  "skipped": 0,
  "missing": [],
  "video_analysis_requested": 1,
  "selected_cards_dir": "01_Case_Cleaning/video_learning/selected_deep_cards",
  "manifest": "01_Case_Cleaning/video_learning/state/learning_manifest.json",
  "report": "01_Case_Cleaning/video_learning/latest_selected_deep_learning_report.md"
}

=== 2026-06-19T20:35:55 7568818546345963243 ===
objc[60202]: Class AVFFrameReceiver is implemented in both /Users/lao_wu/codexAI/知识库/.venv/lib/python3.12/site-packages/av/.dylibs/libavdevice.62.3.101.dylib (0x1078ec3a8) and /Users/lao_wu/codexAI/知识库/.venv/lib/python3.12/site-packages/cv2/.dylibs/libavdevice.61.3.100.dylib (0x10b9443a8). This may cause spurious casting failures and mysterious crashes. One of the duplicates must be removed or renamed.
objc[60202]: Class AVFAudioReceiver is implemented in both /Users/lao_wu/codexAI/知识库/.venv/lib/python3.12/site-packages/av/.dylibs/libavdevice.62.3.101.dylib (0x1078ec3f8) and /Users/lao_wu/codexAI/知识库/.venv/lib/python3.12/site-packages/cv2/.dylibs/libavdevice.61.3.100.dylib (0x10b9443f8). This may cause spurious casting failures and mysterious crashes. One of the duplicates must be removed or renamed.
{
  "raw_counts": {
    "douyin_contents": 1140,
    "xhs_contents": 15,
    "douyin_comments": 10280,
    "creators": 3,
    "unknown": 0
  },
  "dedupe_stats": {
    "duplicate_source_id": 111,
    "duplicate_text": 25,
    "unique_records": 1019
  },
  "requested": 1,
  "found": 1,
  "learned": 1,
  "skipped": 0,
  "missing": [],
  "video_analysis_requested": 1,
  "selected_cards_dir": "01_Case_Cleaning/video_learning/selected_deep_cards",
  "manifest": "01_Case_Cleaning/video_learning/state/learning_manifest.json",
  "report": "01_Case_Cleaning/video_learning/latest_selected_deep_learning_report.md"
}

=== 2026-06-19T20:39:11 7538795273326890282 ===
objc[66495]: Class AVFFrameReceiver is implemented in both /Users/lao_wu/codexAI/知识库/.venv/lib/python3.12/site-packages/av/.dylibs/libavdevice.62.3.101.dylib (0x10ab143a8) and /Users/lao_wu/codexAI/知识库/.venv/lib/python3.12/site-packages/cv2/.dylibs/libavdevice.61.3.100.dylib (0x10e3fc3a8). This may cause spurious casting failures and mysterious crashes. One of the duplicates must be removed or renamed.
objc[66495]: Class AVFAudioReceiver is implemented in both /Users/lao_wu/codexAI/知识库/.venv/lib/python3.12/site-packages/av/.dylibs/libavdevice.62.3.101.dylib (0x10ab143f8) and /Users/lao_wu/codexAI/知识库/.venv/lib/python3.12/site-packages/cv2/.dylibs/libavdevice.61.3.100.dylib (0x10e3fc3f8). This may cause spurious casting failures and mysterious crashes. One of the duplicates must be removed or renamed.
{
  "raw_counts": {
    "douyin_contents": 1140,
    "xhs_contents": 15,
    "douyin_comments": 10280,
    "creators": 3,
    "unknown": 0
  },
  "dedupe_stats": {
    "duplicate_source_id": 111,
    "duplicate_text": 25,
    "unique_records": 1019
  },
  "requested": 1,
  "found": 1,
  "learned": 1,
  "skipped": 0,
  "missing": [],
  "video_analysis_requested": 1,
  "selected_cards_dir": "01_Case_Cleaning/video_learning/selected_deep_cards",
  "manifest": "01_Case_Cleaning/video_learning/state/learning_manifest.json",
  "report": "01_Case_Cleaning/video_learning/latest_selected_deep_learning_report.md"
}

=== 2026-06-19T20:42:11 7622329208672406834 ===
objc[72383]: Class AVFFrameReceiver is implemented in both /Users/lao_wu/codexAI/知识库/.venv/lib/python3.12/site-packages/av/.dylibs/libavdevice.62.3.101.dylib (0x1077883a8) and /Users/lao_wu/codexAI/知识库/.venv/lib/python3.12/site-packages/cv2/.dylibs/libavdevice.61.3.100.dylib (0x10b7f83a8). This may cause spurious casting failures and mysterious crashes. One of the duplicates must be removed or renamed.
objc[72383]: Class AVFAudioReceiver is implemented in both /Users/lao_wu/codexAI/知识库/.venv/lib/python3.12/site-packages/av/.dylibs/libavdevice.62.3.101.dylib (0x1077883f8) and /Users/lao_wu/codexAI/知识库/.venv/lib/python3.12/site-packages/cv2/.dylibs/libavdevice.61.3.100.dylib (0x10b7f83f8). This may cause spurious casting failures and mysterious crashes. One of the duplicates must be removed or renamed.
{
  "raw_counts": {
    "douyin_contents": 1140,
    "xhs_contents": 15,
    "douyin_comments": 10280,
    "creators": 3,
    "unknown": 0
  },
  "dedupe_stats": {
    "duplicate_source_id": 111,
    "duplicate_text": 25,
    "unique_records": 1019
  },
  "requested": 1,
  "found": 1,
  "learned": 1,
  "skipped": 0,
  "missing": [],
  "video_analysis_requested": 1,
  "selected_cards_dir": "01_Case_Cleaning/video_learning/selected_deep_cards",
  "manifest": "01_Case_Cleaning/video_learning/state/learning_manifest.json",
  "report": "01_Case_Cleaning/video_learning/latest_selected_deep_learning_report.md"
}

=== 2026-06-19T20:47:41 7642736662568635675 ===
objc[83005]: Class AVFFrameReceiver is implemented in both /Users/lao_wu/codexAI/知识库/.venv/lib/python3.12/site-packages/av/.dylibs/libavdevice.62.3.101.dylib (0x107c743a8) and /Users/lao_wu/codexAI/知识库/.venv/lib/python3.12/site-packages/cv2/.dylibs/libavdevice.61.3.100.dylib (0x10bd443a8). This may cause spurious casting failures and mysterious crashes. One of the duplicates must be removed or renamed.
objc[83005]: Class AVFAudioReceiver is implemented in both /Users/lao_wu/codexAI/知识库/.venv/lib/python3.12/site-packages/av/.dylibs/libavdevice.62.3.101.dylib (0x107c743f8) and /Users/lao_wu/codexAI/知识库/.venv/lib/python3.12/site-packages/cv2/.dylibs/libavdevice.61.3.100.dylib (0x10bd443f8). This may cause spurious casting failures and mysterious crashes. One of the duplicates must be removed or renamed.
{
  "raw_counts": {
    "douyin_contents": 1140,
    "xhs_contents": 15,
    "douyin_comments": 10280,
    "creators": 3,
    "unknown": 0
  },
  "dedupe_stats": {
    "duplicate_source_id": 111,
    "duplicate_text": 25,
    "unique_records": 1019
  },
  "requested": 1,
  "found": 1,
  "learned": 1,
  "skipped": 0,
  "missing": [],
  "video_analysis_requested": 1,
  "selected_cards_dir": "01_Case_Cleaning/video_learning/selected_deep_cards",
  "manifest": "01_Case_Cleaning/video_learning/state/learning_manifest.json",
  "report": "01_Case_Cleaning/video_learning/latest_selected_deep_learning_report.md"
}

=== 2026-06-19T20:50:57 7384068155007651107 ===
objc[89346]: Class AVFFrameReceiver is implemented in both /Users/lao_wu/codexAI/知识库/.venv/lib/python3.12/site-packages/av/.dylibs/libavdevice.62.3.101.dylib (0x1085f83a8) and /Users/lao_wu/codexAI/知识库/.venv/lib/python3.12/site-packages/cv2/.dylibs/libavdevice.61.3.100.dylib (0x10c5743a8). This may cause spurious casting failures and mysterious crashes. One of the duplicates must be removed or renamed.
objc[89346]: Class AVFAudioReceiver is implemented in both /Users/lao_wu/codexAI/知识库/.venv/lib/python3.12/site-packages/av/.dylibs/libavdevice.62.3.101.dylib (0x1085f83f8) and /Users/lao_wu/codexAI/知识库/.venv/lib/python3.12/site-packages/cv2/.dylibs/libavdevice.61.3.100.dylib (0x10c5743f8). This may cause spurious casting failures and mysterious crashes. One of the duplicates must be removed or renamed.
{
  "raw_counts": {
    "douyin_contents": 1140,
    "xhs_contents": 15,
    "douyin_comments": 10280,
    "creators": 3,
    "unknown": 0
  },
  "dedupe_stats": {
    "duplicate_source_id": 111,
    "duplicate_text": 25,
    "unique_records": 1019
  },
  "requested": 1,
  "found": 1,
  "learned": 1,
  "skipped": 0,
  "missing": [],
  "video_analysis_requested": 1,
  "selected_cards_dir": "01_Case_Cleaning/video_learning/selected_deep_cards",
  "manifest": "01_Case_Cleaning/video_learning/state/learning_manifest.json",
  "report": "01_Case_Cleaning/video_learning/latest_selected_deep_learning_report.md"
}

=== 2026-06-19T20:59:13 7264211001535483194 ===
{
  "raw_counts": {
    "douyin_contents": 1140,
    "xhs_contents": 15,
    "douyin_comments": 10280,
    "creators": 3,
    "unknown": 0
  },
  "dedupe_stats": {
    "duplicate_source_id": 111,
    "duplicate_text": 25,
    "unique_records": 1019
  },
  "requested": 1,
  "found": 1,
  "learned": 1,
  "skipped": 0,
  "missing": [],
  "video_analysis_requested": 0,
  "selected_cards_dir": "01_Case_Cleaning/video_learning/selected_deep_cards",
  "manifest": "01_Case_Cleaning/video_learning/state/learning_manifest.json",
  "report": "01_Case_Cleaning/video_learning/latest_selected_deep_learning_report.md"
}

=== 2026-06-19T20:59:28 7070143597873515810 ===
objc[6095]: Class AVFFrameReceiver is implemented in both /Users/lao_wu/codexAI/知识库/.venv/lib/python3.12/site-packages/av/.dylibs/libavdevice.62.3.101.dylib (0x10a5683a8) and /Users/lao_wu/codexAI/知识库/.venv/lib/python3.12/site-packages/cv2/.dylibs/libavdevice.61.3.100.dylib (0x10e6343a8). This may cause spurious casting failures and mysterious crashes. One of the duplicates must be removed or renamed.
objc[6095]: Class AVFAudioReceiver is implemented in both /Users/lao_wu/codexAI/知识库/.venv/lib/python3.12/site-packages/av/.dylibs/libavdevice.62.3.101.dylib (0x10a5683f8) and /Users/lao_wu/codexAI/知识库/.venv/lib/python3.12/site-packages/cv2/.dylibs/libavdevice.61.3.100.dylib (0x10e6343f8). This may cause spurious casting failures and mysterious crashes. One of the duplicates must be removed or renamed.
{
  "raw_counts": {
    "douyin_contents": 1140,
    "xhs_contents": 15,
    "douyin_comments": 10280,
    "creators": 3,
    "unknown": 0
  },
  "dedupe_stats": {
    "duplicate_source_id": 111,
    "duplicate_text": 25,
    "unique_records": 1019
  },
  "requested": 1,
  "found": 1,
  "learned": 1,
  "skipped": 0,
  "missing": [],
  "video_analysis_requested": 1,
  "selected_cards_dir": "01_Case_Cleaning/video_learning/selected_deep_cards",
  "manifest": "01_Case_Cleaning/video_learning/state/learning_manifest.json",
  "report": "01_Case_Cleaning/video_learning/latest_selected_deep_learning_report.md"
}

=== 2026-06-19T21:07:59 7636042183547587875 ===
objc[22373]: Class AVFFrameReceiver is implemented in both /Users/lao_wu/codexAI/知识库/.venv/lib/python3.12/site-packages/av/.dylibs/libavdevice.62.3.101.dylib (0x10a3b43a8) and /Users/lao_wu/codexAI/知识库/.venv/lib/python3.12/site-packages/cv2/.dylibs/libavdevice.61.3.100.dylib (0x10e4883a8). This may cause spurious casting failures and mysterious crashes. One of the duplicates must be removed or renamed.
objc[22373]: Class AVFAudioReceiver is implemented in both /Users/lao_wu/codexAI/知识库/.venv/lib/python3.12/site-packages/av/.dylibs/libavdevice.62.3.101.dylib (0x10a3b43f8) and /Users/lao_wu/codexAI/知识库/.venv/lib/python3.12/site-packages/cv2/.dylibs/libavdevice.61.3.100.dylib (0x10e4883f8). This may cause spurious casting failures and mysterious crashes. One of the duplicates must be removed or renamed.
{
  "raw_counts": {
    "douyin_contents": 1140,
    "xhs_contents": 15,
    "douyin_comments": 10280,
    "creators": 3,
    "unknown": 0
  },
  "dedupe_stats": {
    "duplicate_source_id": 111,
    "duplicate_text": 25,
    "unique_records": 1019
  },
  "requested": 1,
  "found": 1,
  "learned": 1,
  "skipped": 0,
  "missing": [],
  "video_analysis_requested": 1,
  "selected_cards_dir": "01_Case_Cleaning/video_learning/selected_deep_cards",
  "manifest": "01_Case_Cleaning/video_learning/state/learning_manifest.json",
  "report": "01_Case_Cleaning/video_learning/latest_selected_deep_learning_report.md"
}

=== 2026-06-19T21:11:59 7233757661416705320 ===
objc[30177]: Class AVFFrameReceiver is implemented in both /Users/lao_wu/codexAI/知识库/.venv/lib/python3.12/site-packages/av/.dylibs/libavdevice.62.3.101.dylib (0x1080203a8) and /Users/lao_wu/codexAI/知识库/.venv/lib/python3.12/site-packages/cv2/.dylibs/libavdevice.61.3.100.dylib (0x10c4c43a8). This may cause spurious casting failures and mysterious crashes. One of the duplicates must be removed or renamed.
objc[30177]: Class AVFAudioReceiver is implemented in both /Users/lao_wu/codexAI/知识库/.venv/lib/python3.12/site-packages/av/.dylibs/libavdevice.62.3.101.dylib (0x1080203f8) and /Users/lao_wu/codexAI/知识库/.venv/lib/python3.12/site-packages/cv2/.dylibs/libavdevice.61.3.100.dylib (0x10c4c43f8). This may cause spurious casting failures and mysterious crashes. One of the duplicates must be removed or renamed.
{
  "raw_counts": {
    "douyin_contents": 1140,
    "xhs_contents": 15,
    "douyin_comments": 10280,
    "creators": 3,
    "unknown": 0
  },
  "dedupe_stats": {
    "duplicate_source_id": 111,
    "duplicate_text": 25,
    "unique_records": 1019
  },
  "requested": 1,
  "found": 1,
  "learned": 1,
  "skipped": 0,
  "missing": [],
  "video_analysis_requested": 1,
  "selected_cards_dir": "01_Case_Cleaning/video_learning/selected_deep_cards",
  "manifest": "01_Case_Cleaning/video_learning/state/learning_manifest.json",
  "report": "01_Case_Cleaning/video_learning/latest_selected_deep_learning_report.md"
}

=== 2026-06-19T21:14:45 7594110311276219686 ===
objc[35457]: Class AVFFrameReceiver is implemented in both /Users/lao_wu/codexAI/知识库/.venv/lib/python3.12/site-packages/av/.dylibs/libavdevice.62.3.101.dylib (0x107d283a8) and /Users/lao_wu/codexAI/知识库/.venv/lib/python3.12/site-packages/cv2/.dylibs/libavdevice.61.3.100.dylib (0x10bc883a8). This may cause spurious casting failures and mysterious crashes. One of the duplicates must be removed or renamed.
objc[35457]: Class AVFAudioReceiver is implemented in both /Users/lao_wu/codexAI/知识库/.venv/lib/python3.12/site-packages/av/.dylibs/libavdevice.62.3.101.dylib (0x107d283f8) and /Users/lao_wu/codexAI/知识库/.venv/lib/python3.12/site-packages/cv2/.dylibs/libavdevice.61.3.100.dylib (0x10bc883f8). This may cause spurious casting failures and mysterious crashes. One of the duplicates must be removed or renamed.
{
  "raw_counts": {
    "douyin_contents": 1140,
    "xhs_contents": 15,
    "douyin_comments": 10280,
    "creators": 3,
    "unknown": 0
  },
  "dedupe_stats": {
    "duplicate_source_id": 111,
    "duplicate_text": 25,
    "unique_records": 1019
  },
  "requested": 1,
  "found": 1,
  "learned": 1,
  "skipped": 0,
  "missing": [],
  "video_analysis_requested": 1,
  "selected_cards_dir": "01_Case_Cleaning/video_learning/selected_deep_cards",
  "manifest": "01_Case_Cleaning/video_learning/state/learning_manifest.json",
  "report": "01_Case_Cleaning/video_learning/latest_selected_deep_learning_report.md"
}

=== 2026-06-19T21:19:00 7569249171526536474 ===
objc[43703]: Class AVFFrameReceiver is implemented in both /Users/lao_wu/codexAI/知识库/.venv/lib/python3.12/site-packages/av/.dylibs/libavdevice.62.3.101.dylib (0x10a0703a8) and /Users/lao_wu/codexAI/知识库/.venv/lib/python3.12/site-packages/cv2/.dylibs/libavdevice.61.3.100.dylib (0x10e1383a8). This may cause spurious casting failures and mysterious crashes. One of the duplicates must be removed or renamed.
objc[43703]: Class AVFAudioReceiver is implemented in both /Users/lao_wu/codexAI/知识库/.venv/lib/python3.12/site-packages/av/.dylibs/libavdevice.62.3.101.dylib (0x10a0703f8) and /Users/lao_wu/codexAI/知识库/.venv/lib/python3.12/site-packages/cv2/.dylibs/libavdevice.61.3.100.dylib (0x10e1383f8). This may cause spurious casting failures and mysterious crashes. One of the duplicates must be removed or renamed.
{
  "raw_counts": {
    "douyin_contents": 1140,
    "xhs_contents": 15,
    "douyin_comments": 10280,
    "creators": 3,
    "unknown": 0
  },
  "dedupe_stats": {
    "duplicate_source_id": 111,
    "duplicate_text": 25,
    "unique_records": 1019
  },
  "requested": 1,
  "found": 1,
  "learned": 1,
  "skipped": 0,
  "missing": [],
  "video_analysis_requested": 1,
  "selected_cards_dir": "01_Case_Cleaning/video_learning/selected_deep_cards",
  "manifest": "01_Case_Cleaning/video_learning/state/learning_manifest.json",
  "report": "01_Case_Cleaning/video_learning/latest_selected_deep_learning_report.md"
}

=== 2026-06-19T21:22:30 7556253638943853867 ===
objc[50521]: Class AVFFrameReceiver is implemented in both /Users/lao_wu/codexAI/知识库/.venv/lib/python3.12/site-packages/av/.dylibs/libavdevice.62.3.101.dylib (0x106bf03a8) and /Users/lao_wu/codexAI/知识库/.venv/lib/python3.12/site-packages/cv2/.dylibs/libavdevice.61.3.100.dylib (0x10a4e03a8). This may cause spurious casting failures and mysterious crashes. One of the duplicates must be removed or renamed.
objc[50521]: Class AVFAudioReceiver is implemented in both /Users/lao_wu/codexAI/知识库/.venv/lib/python3.12/site-packages/av/.dylibs/libavdevice.62.3.101.dylib (0x106bf03f8) and /Users/lao_wu/codexAI/知识库/.venv/lib/python3.12/site-packages/cv2/.dylibs/libavdevice.61.3.100.dylib (0x10a4e03f8). This may cause spurious casting failures and mysterious crashes. One of the duplicates must be removed or renamed.
{
  "raw_counts": {
    "douyin_contents": 1140,
    "xhs_contents": 15,
    "douyin_comments": 10280,
    "creators": 3,
    "unknown": 0
  },
  "dedupe_stats": {
    "duplicate_source_id": 111,
    "duplicate_text": 25,
    "unique_records": 1019
  },
  "requested": 1,
  "found": 1,
  "learned": 1,
  "skipped": 0,
  "missing": [],
  "video_analysis_requested": 1,
  "selected_cards_dir": "01_Case_Cleaning/video_learning/selected_deep_cards",
  "manifest": "01_Case_Cleaning/video_learning/state/learning_manifest.json",
  "report": "01_Case_Cleaning/video_learning/latest_selected_deep_learning_report.md"
}

=== 2026-06-19T21:26:01 7545859136433573170 ===
objc[57324]: Class AVFFrameReceiver is implemented in both /Users/lao_wu/codexAI/知识库/.venv/lib/python3.12/site-packages/av/.dylibs/libavdevice.62.3.101.dylib (0x1083943a8) and /Users/lao_wu/codexAI/知识库/.venv/lib/python3.12/site-packages/cv2/.dylibs/libavdevice.61.3.100.dylib (0x10bc843a8). This may cause spurious casting failures and mysterious crashes. One of the duplicates must be removed or renamed.
objc[57324]: Class AVFAudioReceiver is implemented in both /Users/lao_wu/codexAI/知识库/.venv/lib/python3.12/site-packages/av/.dylibs/libavdevice.62.3.101.dylib (0x1083943f8) and /Users/lao_wu/codexAI/知识库/.venv/lib/python3.12/site-packages/cv2/.dylibs/libavdevice.61.3.100.dylib (0x10bc843f8). This may cause spurious casting failures and mysterious crashes. One of the duplicates must be removed or renamed.
{
  "raw_counts": {
    "douyin_contents": 1140,
    "xhs_contents": 15,
    "douyin_comments": 10280,
    "creators": 3,
    "unknown": 0
  },
  "dedupe_stats": {
    "duplicate_source_id": 111,
    "duplicate_text": 25,
    "unique_records": 1019
  },
  "requested": 1,
  "found": 1,
  "learned": 1,
  "skipped": 0,
  "missing": [],
  "video_analysis_requested": 1,
  "selected_cards_dir": "01_Case_Cleaning/video_learning/selected_deep_cards",
  "manifest": "01_Case_Cleaning/video_learning/state/learning_manifest.json",
  "report": "01_Case_Cleaning/video_learning/latest_selected_deep_learning_report.md"
}

=== 2026-06-19T21:29:16 7243416997281729853 ===
objc[63635]: Class AVFFrameReceiver is implemented in both /Users/lao_wu/codexAI/知识库/.venv/lib/python3.12/site-packages/av/.dylibs/libavdevice.62.3.101.dylib (0x1079103a8) and /Users/lao_wu/codexAI/知识库/.venv/lib/python3.12/site-packages/cv2/.dylibs/libavdevice.61.3.100.dylib (0x10b9683a8). This may cause spurious casting failures and mysterious crashes. One of the duplicates must be removed or renamed.
objc[63635]: Class AVFAudioReceiver is implemented in both /Users/lao_wu/codexAI/知识库/.venv/lib/python3.12/site-packages/av/.dylibs/libavdevice.62.3.101.dylib (0x1079103f8) and /Users/lao_wu/codexAI/知识库/.venv/lib/python3.12/site-packages/cv2/.dylibs/libavdevice.61.3.100.dylib (0x10b9683f8). This may cause spurious casting failures and mysterious crashes. One of the duplicates must be removed or renamed.
{
  "raw_counts": {
    "douyin_contents": 1140,
    "xhs_contents": 15,
    "douyin_comments": 10280,
    "creators": 3,
    "unknown": 0
  },
  "dedupe_stats": {
    "duplicate_source_id": 111,
    "duplicate_text": 25,
    "unique_records": 1019
  },
  "requested": 1,
  "found": 1,
  "learned": 1,
  "skipped": 0,
  "missing": [],
  "video_analysis_requested": 1,
  "selected_cards_dir": "01_Case_Cleaning/video_learning/selected_deep_cards",
  "manifest": "01_Case_Cleaning/video_learning/state/learning_manifest.json",
  "report": "01_Case_Cleaning/video_learning/latest_selected_deep_learning_report.md"
}

=== 2026-06-19T21:32:01 7597450892647992618 ===
objc[68937]: Class AVFFrameReceiver is implemented in both /Users/lao_wu/codexAI/知识库/.venv/lib/python3.12/site-packages/av/.dylibs/libavdevice.62.3.101.dylib (0x10818c3a8) and /Users/lao_wu/codexAI/知识库/.venv/lib/python3.12/site-packages/cv2/.dylibs/libavdevice.61.3.100.dylib (0x10c1fc3a8). This may cause spurious casting failures and mysterious crashes. One of the duplicates must be removed or renamed.
objc[68937]: Class AVFAudioReceiver is implemented in both /Users/lao_wu/codexAI/知识库/.venv/lib/python3.12/site-packages/av/.dylibs/libavdevice.62.3.101.dylib (0x10818c3f8) and /Users/lao_wu/codexAI/知识库/.venv/lib/python3.12/site-packages/cv2/.dylibs/libavdevice.61.3.100.dylib (0x10c1fc3f8). This may cause spurious casting failures and mysterious crashes. One of the duplicates must be removed or renamed.
{
  "raw_counts": {
    "douyin_contents": 1140,
    "xhs_contents": 15,
    "douyin_comments": 10280,
    "creators": 3,
    "unknown": 0
  },
  "dedupe_stats": {
    "duplicate_source_id": 111,
    "duplicate_text": 25,
    "unique_records": 1019
  },
  "requested": 1,
  "found": 1,
  "learned": 1,
  "skipped": 0,
  "missing": [],
  "video_analysis_requested": 1,
  "selected_cards_dir": "01_Case_Cleaning/video_learning/selected_deep_cards",
  "manifest": "01_Case_Cleaning/video_learning/state/learning_manifest.json",
  "report": "01_Case_Cleaning/video_learning/latest_selected_deep_learning_report.md"
}

=== 2026-06-19T21:37:47 7599316326846385462 ===
objc[79975]: Class AVFFrameReceiver is implemented in both /Users/lao_wu/codexAI/知识库/.venv/lib/python3.12/site-packages/av/.dylibs/libavdevice.62.3.101.dylib (0x10a4c03a8) and /Users/lao_wu/codexAI/知识库/.venv/lib/python3.12/site-packages/cv2/.dylibs/libavdevice.61.3.100.dylib (0x10e0903a8). This may cause spurious casting failures and mysterious crashes. One of the duplicates must be removed or renamed.
objc[79975]: Class AVFAudioReceiver is implemented in both /Users/lao_wu/codexAI/知识库/.venv/lib/python3.12/site-packages/av/.dylibs/libavdevice.62.3.101.dylib (0x10a4c03f8) and /Users/lao_wu/codexAI/知识库/.venv/lib/python3.12/site-packages/cv2/.dylibs/libavdevice.61.3.100.dylib (0x10e0903f8). This may cause spurious casting failures and mysterious crashes. One of the duplicates must be removed or renamed.
{
  "raw_counts": {
    "douyin_contents": 1140,
    "xhs_contents": 15,
    "douyin_comments": 10280,
    "creators": 3,
    "unknown": 0
  },
  "dedupe_stats": {
    "duplicate_source_id": 111,
    "duplicate_text": 25,
    "unique_records": 1019
  },
  "requested": 1,
  "found": 1,
  "learned": 1,
  "skipped": 0,
  "missing": [],
  "video_analysis_requested": 1,
  "selected_cards_dir": "01_Case_Cleaning/video_learning/selected_deep_cards",
  "manifest": "01_Case_Cleaning/video_learning/state/learning_manifest.json",
  "report": "01_Case_Cleaning/video_learning/latest_selected_deep_learning_report.md"
}

=== 2026-06-19T21:43:18 7520521925358030120 ===
objc[90592]: Class AVFFrameReceiver is implemented in both /Users/lao_wu/codexAI/知识库/.venv/lib/python3.12/site-packages/av/.dylibs/libavdevice.62.3.101.dylib (0x1098c43a8) and /Users/lao_wu/codexAI/知识库/.venv/lib/python3.12/site-packages/cv2/.dylibs/libavdevice.61.3.100.dylib (0x10d9403a8). This may cause spurious casting failures and mysterious crashes. One of the duplicates must be removed or renamed.
objc[90592]: Class AVFAudioReceiver is implemented in both /Users/lao_wu/codexAI/知识库/.venv/lib/python3.12/site-packages/av/.dylibs/libavdevice.62.3.101.dylib (0x1098c43f8) and /Users/lao_wu/codexAI/知识库/.venv/lib/python3.12/site-packages/cv2/.dylibs/libavdevice.61.3.100.dylib (0x10d9403f8). This may cause spurious casting failures and mysterious crashes. One of the duplicates must be removed or renamed.
{
  "raw_counts": {
    "douyin_contents": 1140,
    "xhs_contents": 15,
    "douyin_comments": 10280,
    "creators": 3,
    "unknown": 0
  },
  "dedupe_stats": {
    "duplicate_source_id": 111,
    "duplicate_text": 25,
    "unique_records": 1019
  },
  "requested": 1,
  "found": 1,
  "learned": 1,
  "skipped": 0,
  "missing": [],
  "video_analysis_requested": 1,
  "selected_cards_dir": "01_Case_Cleaning/video_learning/selected_deep_cards",
  "manifest": "01_Case_Cleaning/video_learning/state/learning_manifest.json",
  "report": "01_Case_Cleaning/video_learning/latest_selected_deep_learning_report.md"
}
